fold,encoder_method,stage,epoch,train_loss,validation_loss,loss,train_valid_anchor_pct,train_positive_pair_count,train_hard_negative_pair_count,validation_valid_anchor_pct,validation_positive_pair_count,validation_hard_negative_pair_count,valid_anchor_pct,positive_pair_count,hard_negative_pair_count
1,vanilla,inner_selection,1,0.6277552611747523,2.965099388360977,,,,,,,,,,
1,vanilla,inner_selection,2,0.18610187899321318,2.6782243847846985,,,,,,,,,,
1,vanilla,inner_selection,3,0.12873205121140927,2.6199600040912627,,,,,,,,,,
1,vanilla,inner_selection,4,0.11489309406169923,2.5635811895132066,,,,,,,,,,
1,vanilla,inner_selection,5,0.0999488180037588,2.4474743783473967,,,,,,,,,,
1,vanilla,inner_selection,6,0.08647755102429074,2.4823877215385437,,,,,,,,,,
1,vanilla,inner_selection,7,0.09208147377939895,2.487908956408501,,,,,,,,,,
1,vanilla,inner_selection,8,0.08046447822707706,2.492327332496643,,,,,,,,,,
1,vanilla,outer_refit,1,,,0.5858618471655064,,,,,,,,,
1,vanilla,outer_refit,2,,,0.17349052131175996,,,,,,,,,
1,vanilla,outer_refit,3,,,0.12505603290046566,,,,,,,,,
1,vanilla,outer_refit,4,,,0.10648936087964103,,,,,,,,,
1,vanilla,outer_refit,5,,,0.09562898385920562,,,,,,,,,
1,guided,inner_selection,1,1.0000828757882119,1.302054950594902,,0.996875,4770.5,4.45,0.9900390625,6652.7,655.85,,,
1,guided,inner_selection,2,0.8932954430580139,1.2256196737289429,,0.996875,4750.8,4.9,0.9900390625,6652.7,655.85,,,
1,guided,inner_selection,3,0.8544762566685676,1.2894892752170564,,1.0,4766.3,5.75,0.9900390625,6652.7,655.85,,,
1,guided,inner_selection,4,0.8315599441528321,1.298190611600876,,0.996875,4775.55,4.9,0.9900390625,6652.7,655.85,,,
1,guided,inner_selection,5,0.8096384391188621,1.2465403065085412,,0.996875,4762.0,5.7,0.9900390625,6652.7,655.85,,,
1,guided,outer_refit,1,,,0.9926019608974457,,,,,,,0.990625,4353.5,3.65
1,guided,outer_refit,2,,,0.9154321521520614,,,,,,,0.996875,4329.55,3.55
2,vanilla,inner_selection,1,0.6844021135562798,2.516245260834694,,,,,,,,,,
2,vanilla,inner_selection,2,0.18491066873903036,2.3730974555015565,,,,,,,,,,
2,vanilla,inner_selection,3,0.1294137910590507,2.293350648880005,,,,,,,,,,
2,vanilla,inner_selection,4,0.10978103728266433,2.220337364077568,,,,,,,,,,
2,vanilla,inner_selection,5,0.09616357552513363,2.2123106777668,,,,,,,,,,
2,vanilla,inner_selection,6,0.08858066494576633,2.1704647660255434,,,,,,,,,,
2,vanilla,inner_selection,7,0.08991078189428663,2.1497734397649766,,,,,,,,,,
2,vanilla,inner_selection,8,0.07555979245807976,2.1479468405246736,,,,,,,,,,
2,vanilla,inner_selection,9,0.07441865718428745,2.1311349093914034,,,,,,,,,,
2,vanilla,inner_selection,10,0.06610349413240328,2.0856946289539335,,,,,,,,,,
2,vanilla,inner_selection,11,0.07082488712039776,2.1142121642827987,,,,,,,,,,
2,vanilla,inner_selection,12,0.07275332551216707,2.0851532340049745,,,,,,,,,,
2,vanilla,inner_selection,13,0.06550387929019053,2.0965799301862718,,,,,,,,,,
2,vanilla,inner_selection,14,0.06829836118849926,2.072045382857323,,,,,,,,,,
2,vanilla,inner_selection,15,0.06455518194125034,2.080063506960869,,,,,,,,,,
2,vanilla,inner_selection,16,0.06328964932181406,2.0823902398347856,,,,,,,,,,
2,vanilla,inner_selection,17,0.06435617341194302,2.080901527404785,,,,,,,,,,
2,vanilla,outer_refit,1,,,0.5699974258524889,,,,,,,,,
2,vanilla,outer_refit,2,,,0.16817345909075812,,,,,,,,,
2,vanilla,outer_refit,3,,,0.11670713538696872,,,,,,,,,
2,vanilla,outer_refit,4,,,0.09640835688915103,,,,,,,,,
2,vanilla,outer_refit,5,,,0.08834429473499768,,,,,,,,,
2,vanilla,outer_refit,6,,,0.08139435664998018,,,,,,,,,
2,vanilla,outer_refit,7,,,0.0810121295027784,,,,,,,,,
2,vanilla,outer_refit,8,,,0.07370661702352663,,,,,,,,,
2,vanilla,outer_refit,9,,,0.07313911315286532,,,,,,,,,
2,vanilla,outer_refit,10,,,0.06978991010400933,,,,,,,,,
2,vanilla,outer_refit,11,,,0.06407770266741863,,,,,,,,,
2,vanilla,outer_refit,12,,,0.06935771772987209,,,,,,,,,
2,vanilla,outer_refit,13,,,0.06502517334301956,,,,,,,,,
2,vanilla,outer_refit,14,,,0.05991609179764055,,,,,,,,,
2,guided,inner_selection,1,0.9989331811666489,1.5364209592342377,,0.99375,4325.2,4.75,0.990234375,4789.35,1002.15,,,
2,guided,inner_selection,2,0.9004247114062309,1.5099585473537445,,0.996875,4313.2,3.7,0.990234375,4789.35,1002.15,,,
2,guided,inner_selection,3,0.9005776047706604,1.5311858087778092,,0.99375,4339.7,4.4,0.990234375,4789.35,1002.15,,,
2,guided,inner_selection,4,0.8063152655959129,1.5761054098606109,,0.996875,4331.95,3.75,0.990234375,4789.35,1002.15,,,
2,guided,inner_selection,5,0.7971642121672631,1.5528205931186676,,0.996875,4337.4,4.1,0.990234375,4789.35,1002.15,,,
2,guided,outer_refit,1,,,1.0296615161001683,,,,,,,0.99375,4277.05,3.1
2,guided,outer_refit,2,,,0.9654216960072517,,,,,,,0.996875,4268.9,3.95
3,vanilla,inner_selection,1,0.6773251369653736,2.5965329229831697,,,,,,,,,,
3,vanilla,inner_selection,2,0.21546244176570326,2.5099938929080965,,,,,,,,,,
3,vanilla,inner_selection,3,0.147990946561913,2.408420652151108,,,,,,,,,,
3,vanilla,inner_selection,4,0.11112776712398045,2.3175420999526977,,,,,,,,,,
3,vanilla,inner_selection,5,0.09433598440737115,2.321288025379181,,,,,,,,,,
3,vanilla,inner_selection,6,0.08567489422675863,2.2937320560216903,,,,,,,,,,
3,vanilla,inner_selection,7,0.07811065168352797,2.2354056984186172,,,,,,,,,,
3,vanilla,inner_selection,8,0.07274507600232027,2.254971522092819,,,,,,,,,,
3,vanilla,inner_selection,9,0.07432659868791233,2.235386911034584,,,,,,,,,,
3,vanilla,inner_selection,10,0.07020717613413581,2.2395437896251678,,,,,,,,,,
3,vanilla,inner_selection,11,0.06967615223657049,2.2290929734706877,,,,,,,,,,
3,vanilla,inner_selection,12,0.0662805677682627,2.1769951075315475,,,,,,,,,,
3,vanilla,inner_selection,13,0.06200212899129838,2.168164473772049,,,,,,,,,,
3,vanilla,inner_selection,14,0.06496737786619633,2.1695272833108903,,,,,,,,,,
3,vanilla,inner_selection,15,0.06536230954225175,2.1875076621770857,,,,,,,,,,
3,vanilla,inner_selection,16,0.06297852364659776,2.1745112955570223,,,,,,,,,,
3,vanilla,outer_refit,1,,,0.8937270427682961,,,,,,,,,
3,vanilla,outer_refit,2,,,0.20809831721708177,,,,,,,,,
3,vanilla,outer_refit,3,,,0.13983877816936002,,,,,,,,,
3,vanilla,outer_refit,4,,,0.11099354426842183,,,,,,,,,
3,vanilla,outer_refit,5,,,0.08792700501799118,,,,,,,,,
3,vanilla,outer_refit,6,,,0.09087653735768982,,,,,,,,,
3,vanilla,outer_refit,7,,,0.07982547855353914,,,,,,,,,
3,vanilla,outer_refit,8,,,0.07245262002106756,,,,,,,,,
3,vanilla,outer_refit,9,,,0.0734397193067707,,,,,,,,,
3,vanilla,outer_refit,10,,,0.07057185970479622,,,,,,,,,
3,vanilla,outer_refit,11,,,0.069195901677449,,,,,,,,,
3,vanilla,outer_refit,12,,,0.06714537598309107,,,,,,,,,
3,vanilla,outer_refit,13,,,0.06365313472815615,,,,,,,,,
3,guided,inner_selection,1,1.0128708958625794,1.8439478933811189,,0.996875,4248.05,3.8,0.9822265625,4400.65,1017.05,,,
3,guided,inner_selection,2,0.9583205968141556,1.7969988018274308,,1.0,4245.55,3.55,0.9822265625,4400.65,1017.05,,,
3,guided,inner_selection,3,0.991950909793377,1.7885994523763658,,0.996875,4234.55,4.05,0.9822265625,4400.65,1017.05,,,
3,guided,inner_selection,4,0.9208111345767975,1.8568248242139815,,0.996875,4238.95,3.0,0.9822265625,4400.65,1017.05,,,
3,guided,inner_selection,5,0.9313148707151413,1.8254703819751739,,0.996875,4249.7,3.7,0.9822265625,4400.65,1017.05,,,
3,guided,inner_selection,6,0.8313716512639076,1.8971310168504716,,0.996875,4239.35,3.4,0.9822265625,4400.65,1017.05,,,
3,guided,outer_refit,1,,,1.0459134474396705,,,,,,,0.996875,4315.35,2.6
3,guided,outer_refit,2,,,0.9504655808210373,,,,,,,0.996875,4299.15,2.75
3,guided,outer_refit,3,,,0.9532318040728569,,,,,,,0.996875,4315.1,2.8
4,vanilla,inner_selection,1,0.5507332756882534,2.4580595076084135,,,,,,,,,,
4,vanilla,inner_selection,2,0.1551183870760724,2.343457669019699,,,,,,,,,,
4,vanilla,inner_selection,3,0.11676718203816563,2.3235003739595412,,,,,,,,,,
4,vanilla,inner_selection,4,0.09496286050416529,2.287920358777046,,,,,,,,,,
4,vanilla,inner_selection,5,0.08269035959383472,2.271143165230751,,,,,,,,,,
4,vanilla,inner_selection,6,0.08429085466486867,2.2341378957033156,,,,,,,,,,
4,vanilla,inner_selection,7,0.07478807093575597,2.2469364583492277,,,,,,,,,,
4,vanilla,inner_selection,8,0.07784939762204886,2.230975368618965,,,,,,,,,,
4,vanilla,inner_selection,9,0.07168351063446607,2.2185936480760575,,,,,,,,,,
4,vanilla,inner_selection,10,0.07052167058645864,2.1894150376319885,,,,,,,,,,
4,vanilla,inner_selection,11,0.0661081894126255,2.193061372637749,,,,,,,,,,
4,vanilla,inner_selection,12,0.06391715698628105,2.205139529705048,,,,,,,,,,
4,vanilla,inner_selection,13,0.06496666540551814,2.181934490799904,,,,,,,,,,
4,vanilla,inner_selection,14,0.06636269696173258,2.1582137018442156,,,,,,,,,,
4,vanilla,inner_selection,15,0.054883070924552156,2.161379039287567,,,,,,,,,,
4,vanilla,inner_selection,16,0.06101166364387609,2.156987988948822,,,,,,,,,,
4,vanilla,inner_selection,17,0.056848282874125286,2.138941138982773,,,,,,,,,,
4,vanilla,inner_selection,18,0.059466184431221335,2.1402031987905503,,,,,,,,,,
4,vanilla,inner_selection,19,0.0597557261975453,2.1386704415082933,,,,,,,,,,
4,vanilla,inner_selection,20,0.060162952438986395,2.1508753538131713,,,,,,,,,,
4,vanilla,inner_selection,21,0.053481375722913074,2.13149094581604,,,,,,,,,,
4,vanilla,inner_selection,22,0.05290791623992845,2.12829427421093,,,,,,,,,,
4,vanilla,inner_selection,23,0.05510347324889153,2.136864882707596,,,,,,,,,,
4,vanilla,inner_selection,24,0.051369344592967534,2.1135747104883196,,,,,,,,,,
4,vanilla,inner_selection,25,0.054155821811582426,2.1139453023672106,,,,,,,,,,
4,vanilla,inner_selection,26,0.05497371631790884,2.118092727661133,,,,,,,,,,
4,vanilla,inner_selection,27,0.054909755471453534,2.1263151824474336,,,,,,,,,,
4,vanilla,outer_refit,1,,,0.7755401942878961,,,,,,,,,
4,vanilla,outer_refit,2,,,0.1832805922953412,,,,,,,,,
4,vanilla,outer_refit,3,,,0.12571113362791947,,,,,,,,,
4,vanilla,outer_refit,4,,,0.10822338851576205,,,,,,,,,
4,vanilla,outer_refit,5,,,0.08624246161198243,,,,,,,,,
4,vanilla,outer_refit,6,,,0.08043501530628419,,,,,,,,,
4,vanilla,outer_refit,7,,,0.0772559323857422,,,,,,,,,
4,vanilla,outer_refit,8,,,0.07034332894836552,,,,,,,,,
4,vanilla,outer_refit,9,,,0.0738206479094515,,,,,,,,,
4,vanilla,outer_refit,10,,,0.06308011795044877,,,,,,,,,
4,vanilla,outer_refit,11,,,0.06492233224707888,,,,,,,,,
4,vanilla,outer_refit,12,,,0.06446588421240448,,,,,,,,,
4,vanilla,outer_refit,13,,,0.0633933007477026,,,,,,,,,
4,vanilla,outer_refit,14,,,0.06058526166834781,,,,,,,,,
4,vanilla,outer_refit,15,,,0.06225029438792262,,,,,,,,,
4,vanilla,outer_refit,16,,,0.05957668064511381,,,,,,,,,
4,vanilla,outer_refit,17,,,0.05624063928262331,,,,,,,,,
4,vanilla,outer_refit,18,,,0.05986077132693026,,,,,,,,,
4,vanilla,outer_refit,19,,,0.054485199577538876,,,,,,,,,
4,vanilla,outer_refit,20,,,0.05561530185805168,,,,,,,,,
4,vanilla,outer_refit,21,,,0.05615024798316881,,,,,,,,,
4,vanilla,outer_refit,22,,,0.05225148562240065,,,,,,,,,
4,vanilla,outer_refit,23,,,0.05716944757150486,,,,,,,,,
4,vanilla,outer_refit,24,,,0.056946570897707716,,,,,,,,,
4,guided,inner_selection,1,0.9947992593050003,1.8669632107019425,,0.996875,4380.55,3.35,0.9845703125,4320.55,997.15,,,
4,guided,inner_selection,2,0.8579409249126911,1.7094679743051528,,0.996875,4389.0,3.2,0.9845703125,4320.55,997.15,,,
4,guided,inner_selection,3,0.8530313730239868,1.7845056653022766,,0.99375,4386.8,2.6,0.9845703125,4320.55,997.15,,,
4,guided,inner_selection,4,0.7953388467431068,1.737371802330017,,0.99375,4398.25,2.85,0.9845703125,4320.55,997.15,,,
4,guided,inner_selection,5,0.7672252811491489,1.6758627265691757,,0.99375,4392.6,3.35,0.9845703125,4320.55,997.15,,,
4,guided,inner_selection,6,0.7372768927365542,1.705185168981552,,0.996875,4378.85,3.95,0.9845703125,4320.55,997.15,,,
4,guided,inner_selection,7,0.7206554137170315,1.5953322410583497,,0.99375,4399.9,2.65,0.9845703125,4320.55,997.15,,,
4,guided,inner_selection,8,0.7190200418233872,1.5385240644216538,,0.996875,4400.65,2.85,0.9845703125,4320.55,997.15,,,
4,guided,inner_selection,9,0.6868937522172928,1.5345296755433082,,0.99375,4393.65,2.35,0.9845703125,4320.55,997.15,,,
4,guided,inner_selection,10,0.6208015337586403,1.4757356882095336,,0.996875,4411.0,3.0,0.9845703125,4320.55,997.15,,,
4,guided,inner_selection,11,0.576596312224865,1.3718512043356896,,0.996875,4399.05,2.9,0.9845703125,4320.55,997.15,,,
4,guided,inner_selection,12,0.4993241467855114,1.251391553878784,,1.0,4409.4,3.05,0.9845703125,4320.55,997.15,,,
4,guided,inner_selection,13,0.43547455295920373,1.1874159403145312,,1.0,4407.7,2.8,0.9845703125,4320.55,997.15,,,
4,guided,inner_selection,14,0.38682885095477104,1.1301163237541914,,0.996875,4386.6,3.05,0.9845703125,4320.55,997.15,,,
4,guided,inner_selection,15,0.3327922698110342,1.0717119337525218,,1.0,4401.55,2.6,0.9845703125,4320.55,997.15,,,
4,guided,inner_selection,16,0.3073977785184979,1.0632736951578408,,0.996875,4406.45,2.65,0.9845703125,4320.55,997.15,,,
4,guided,inner_selection,17,0.27295062052144203,1.0693658635020256,,0.99375,4391.2,2.7,0.9845703125,4320.55,997.15,,,
4,guided,inner_selection,18,0.2683360926806927,1.0236344067729077,,0.996875,4414.1,2.85,0.9845703125,4320.55,997.15,,,
4,guided,inner_selection,19,0.25652053728699686,0.9999185463879258,,1.0,4414.55,2.4,0.9845703125,4320.55,997.15,,,
4,guided,inner_selection,20,0.25646417066454885,0.9879899147897959,,0.996875,4383.45,2.7,0.9845703125,4320.55,997.15,,,
4,guided,inner_selection,21,0.2417151803150773,0.9939110348932445,,0.996875,4413.6,2.75,0.9845703125,4320.55,997.15,,,
4,guided,inner_selection,22,0.23894794546067716,0.9839690112508833,,1.0,4388.75,3.2,0.9845703125,4320.55,997.15,,,
4,guided,inner_selection,23,0.20144396355899516,1.010974585986696,,0.99375,4383.15,2.25,0.9845703125,4320.55,997.15,,,
4,guided,inner_selection,24,0.1993240498173691,1.0139173513278366,,0.996875,4418.7,3.4,0.9845703125,4320.55,997.15,,,
4,guided,inner_selection,25,0.22532470598816873,1.0009096349938773,,0.996875,4391.95,3.25,0.9845703125,4320.55,997.15,,,
4,guided,outer_refit,1,,,1.0864665746688842,,,,,,,0.996875,4295.95,1.95
4,guided,outer_refit,2,,,0.970658503472805,,,,,,,0.996875,4323.5,3.75
4,guided,outer_refit,3,,,0.9694715306162834,,,,,,,1.0,4299.25,2.4
4,guided,outer_refit,4,,,0.8908709391951561,,,,,,,0.99375,4303.55,3.55
4,guided,outer_refit,5,,,0.861487589776516,,,,,,,0.996875,4308.75,3.45
4,guided,outer_refit,6,,,0.8408188775181771,,,,,,,1.0,4318.75,2.55
4,guided,outer_refit,7,,,0.8187902837991714,,,,,,,1.0,4299.6,2.6
4,guided,outer_refit,8,,,0.8094841077923774,,,,,,,0.99375,4303.4,2.2
4,guided,outer_refit,9,,,0.7554336939007044,,,,,,,0.996875,4303.65,2.4
4,guided,outer_refit,10,,,0.7398312427103519,,,,,,,0.996875,4309.05,2.65
4,guided,outer_refit,11,,,0.7226518154144287,,,,,,,0.99375,4291.85,3.0
4,guided,outer_refit,12,,,0.72050950974226,,,,,,,1.0,4289.05,2.8
4,guided,outer_refit,13,,,0.6849749356508255,,,,,,,0.99375,4302.9,3.2
4,guided,outer_refit,14,,,0.6043171420693397,,,,,,,0.99375,4320.55,3.3
4,guided,outer_refit,15,,,0.5538912184536458,,,,,,,1.0,4309.9,3.1
4,guided,outer_refit,16,,,0.46051298044621947,,,,,,,0.99375,4296.8,3.5
4,guided,outer_refit,17,,,0.4233357563614845,,,,,,,1.0,4297.6,3.6
4,guided,outer_refit,18,,,0.3646656068973243,,,,,,,0.996875,4307.8,3.25
4,guided,outer_refit,19,,,0.3372638628203276,,,,,,,0.996875,4303.05,2.55
4,guided,outer_refit,20,,,0.33615836724638937,,,,,,,1.0,4295.5,2.7
4,guided,outer_refit,21,,,0.2996175453066826,,,,,,,0.996875,4312.6,2.4
4,guided,outer_refit,22,,,0.27329470229451547,,,,,,,0.99375,4319.3,3.0
5,vanilla,inner_selection,1,0.5607468446716666,2.5081103146076202,,,,,,,,,,
5,vanilla,inner_selection,2,0.17672207280993463,2.3338778793811796,,,,,,,,,,
5,vanilla,inner_selection,3,0.12028778921812773,2.2833644449710846,,,,,,,,,,
5,vanilla,inner_selection,4,0.10317351911216974,2.2230926007032394,,,,,,,,,,
5,vanilla,inner_selection,5,0.08912473211821634,2.2354884117841722,,,,,,,,,,
5,vanilla,inner_selection,6,0.08175386516777508,2.2165157407522202,,,,,,,,,,
5,vanilla,inner_selection,7,0.07787481260020286,2.196131777763367,,,,,,,,,,
5,vanilla,inner_selection,8,0.07077942423129571,2.186540901660919,,,,,,,,,,
5,vanilla,inner_selection,9,0.07065558586909901,2.1984719008207323,,,,,,,,,,
5,vanilla,inner_selection,10,0.07230493980459869,2.1743109822273254,,,,,,,,,,
5,vanilla,inner_selection,11,0.06987393423914909,2.179770129919052,,,,,,,,,,
5,vanilla,inner_selection,12,0.06705002037342637,2.136698380112648,,,,,,,,,,
5,vanilla,inner_selection,13,0.06330175835610134,2.160638779401779,,,,,,,,,,
5,vanilla,inner_selection,14,0.06305229067802429,2.1816540718078614,,,,,,,,,,
5,vanilla,inner_selection,15,0.06466391544090584,2.138326182961464,,,,,,,,,,
5,vanilla,outer_refit,1,,,0.7548655986669474,,,,,,,,,
5,vanilla,outer_refit,2,,,0.1753555627692549,,,,,,,,,
5,vanilla,outer_refit,3,,,0.11270381614303915,,,,,,,,,
5,vanilla,outer_refit,4,,,0.09188216859474778,,,,,,,,,
5,vanilla,outer_refit,5,,,0.08113651977619156,,,,,,,,,
5,vanilla,outer_refit,6,,,0.0736017273462494,,,,,,,,,
5,vanilla,outer_refit,7,,,0.0655724358279258,,,,,,,,,
5,vanilla,outer_refit,8,,,0.0697713964887953,,,,,,,,,
5,vanilla,outer_refit,9,,,0.06754966327207512,,,,,,,,,
5,vanilla,outer_refit,10,,,0.06146322291024262,,,,,,,,,
5,vanilla,outer_refit,11,,,0.061525669816182925,,,,,,,,,
5,vanilla,outer_refit,12,,,0.06039265221916139,,,,,,,,,
5,guided,inner_selection,1,0.9606674820184707,1.7365723520517349,,0.996875,4262.3,2.3,0.987109375,4774.75,790.95,,,
5,guided,inner_selection,2,0.8380273323506117,1.6703261278569699,,0.996875,4266.4,2.3,0.987109375,4774.75,790.95,,,
5,guided,inner_selection,3,0.880966740846634,1.7594233281910419,,0.996875,4270.25,2.45,0.987109375,4774.75,790.95,,,
5,guided,inner_selection,4,0.7828325286507607,1.7870245672762395,,0.996875,4288.15,2.05,0.987109375,4774.75,790.95,,,
5,guided,inner_selection,5,0.7359888441860676,1.7747873671352863,,0.99375,4279.8,2.6,0.987109375,4774.75,790.95,,,
5,guided,outer_refit,1,,,1.018308773636818,,,,,,,0.99375,4372.2,2.35
5,guided,outer_refit,2,,,0.8985268399119377,,,,,,,0.99375,4362.1,2.0
6,vanilla,inner_selection,1,0.5438451994210481,2.4908834636211394,,,,,,,,,,
6,vanilla,inner_selection,2,0.1747277575195767,2.3544775396585464,,,,,,,,,,
6,vanilla,inner_selection,3,0.1210147286852589,2.275108423829079,,,,,,,,,,
6,vanilla,inner_selection,4,0.0947423776553478,2.2476417660713195,,,,,,,,,,
6,vanilla,inner_selection,5,0.0860680897043494,2.2460159927606584,,,,,,,,,,
6,vanilla,inner_selection,6,0.08169489151914604,2.238731622695923,,,,,,,,,,
6,vanilla,inner_selection,7,0.07200017065624706,2.2364113211631773,,,,,,,,,,
6,vanilla,inner_selection,8,0.06729386642182363,2.1999552071094515,,,,,,,,,,
6,vanilla,inner_selection,9,0.06930019420688041,2.1746968656778334,,,,,,,,,,
6,vanilla,inner_selection,10,0.06385940997861325,2.2176289707422256,,,,,,,,,,
6,vanilla,inner_selection,11,0.0630626934216707,2.1639646500349046,,,,,,,,,,
6,vanilla,inner_selection,12,0.06499143703840674,2.183550277352333,,,,,,,,,,
6,vanilla,inner_selection,13,0.05757857562712161,2.178776001930237,,,,,,,,,,
6,vanilla,inner_selection,14,0.061704461910994726,2.193199795484543,,,,,,,,,,
6,vanilla,outer_refit,1,,,0.845713366191194,,,,,,,,,
6,vanilla,outer_refit,2,,,0.20075222298619338,,,,,,,,,
6,vanilla,outer_refit,3,,,0.1259196309663821,,,,,,,,,
6,vanilla,outer_refit,4,,,0.09278633409594476,,,,,,,,,
6,vanilla,outer_refit,5,,,0.08254594595637173,,,,,,,,,
6,vanilla,outer_refit,6,,,0.08216417180374265,,,,,,,,,
6,vanilla,outer_refit,7,,,0.07645613785716705,,,,,,,,,
6,vanilla,outer_refit,8,,,0.07385888069693465,,,,,,,,,
6,vanilla,outer_refit,9,,,0.06976030208170414,,,,,,,,,
6,vanilla,outer_refit,10,,,0.0653179476121295,,,,,,,,,
6,vanilla,outer_refit,11,,,0.06392910697904881,,,,,,,,,
6,guided,inner_selection,1,1.0777962356805801,1.7610200829803944,,1.0,4313.2,2.65,0.9890625,4770.5,1087.75,,,
6,guided,inner_selection,2,0.9742570579051971,1.7734576366841792,,0.996875,4313.95,2.8,0.9890625,4770.5,1087.75,,,
6,guided,inner_selection,3,0.9252860575914383,1.7491824127733708,,1.0,4293.9,2.05,0.9890625,4770.5,1087.75,,,
6,guided,inner_selection,4,0.8817762657999992,1.784294069558382,,0.996875,4298.35,2.75,0.9890625,4770.5,1087.75,,,
6,guided,inner_selection,5,0.881655141711235,1.706120865046978,,1.0,4305.6,3.75,0.9890625,4770.5,1087.75,,,
6,guided,inner_selection,6,0.8626857534050941,1.7025674439966678,,0.996875,4296.65,2.4,0.9890625,4770.5,1087.75,,,
6,guided,inner_selection,7,0.8313829898834229,1.6994182392954826,,0.996875,4343.1,2.7,0.9890625,4770.5,1087.75,,,
6,guided,inner_selection,8,0.8105235785245896,1.6808199517428875,,0.996875,4319.7,2.3,0.9890625,4770.5,1087.75,,,
6,guided,inner_selection,9,0.7792844325304031,1.5535142235457897,,0.996875,4312.6,2.95,0.9890625,4770.5,1087.75,,,
6,guided,inner_selection,10,0.7302426397800446,1.556870336830616,,0.996875,4308.85,2.35,0.9890625,4770.5,1087.75,,,
6,guided,inner_selection,11,0.7279985532164573,1.5020726390182972,,0.996875,4285.95,1.85,0.9890625,4770.5,1087.75,,,
6,guided,inner_selection,12,0.6671789914369584,1.482990812510252,,0.996875,4313.6,2.35,0.9890625,4770.5,1087.75,,,
6,guided,inner_selection,13,0.6434943810105324,1.452533455938101,,0.996875,4310.3,2.1,0.9890625,4770.5,1087.75,,,
6,guided,inner_selection,14,0.6370320722460747,1.3532673932611943,,0.99375,4284.35,2.85,0.9890625,4770.5,1087.75,,,
6,guided,inner_selection,15,0.5781708486378193,1.271351157873869,,0.99375,4296.3,2.45,0.9890625,4770.5,1087.75,,,
6,guided,inner_selection,16,0.4841688472777605,1.1337577268481254,,0.996875,4317.35,2.85,0.9890625,4770.5,1087.75,,,
6,guided,inner_selection,17,0.4373149827122688,1.0907871380448342,,0.996875,4334.45,2.85,0.9890625,4770.5,1087.75,,,
6,guided,inner_selection,18,0.3837804399430752,1.08595117777586,,0.996875,4307.5,2.2,0.9890625,4770.5,1087.75,,,
6,guided,inner_selection,19,0.37758116498589517,1.0779783412814141,,0.996875,4300.65,2.6,0.9890625,4770.5,1087.75,,,
6,guided,inner_selection,20,0.3274370085448027,1.0595713743939996,,0.996875,4297.8,2.55,0.9890625,4770.5,1087.75,,,
6,guided,inner_selection,21,0.29775587911062756,1.0242369130253792,,0.99375,4296.85,3.2,0.9890625,4770.5,1087.75,,,
6,guided,inner_selection,22,0.3313392292708158,0.9808011241257191,,0.996875,4303.65,2.75,0.9890625,4770.5,1087.75,,,
6,guided,inner_selection,23,0.33521795831620693,0.9758806962519884,,0.99375,4318.1,2.35,0.9890625,4770.5,1087.75,,,
6,guided,inner_selection,24,0.25358596788719295,0.9740400960668921,,0.996875,4310.9,2.95,0.9890625,4770.5,1087.75,,,
6,guided,inner_selection,25,0.25709398128092287,0.9778952553868294,,0.996875,4319.0,2.55,0.9890625,4770.5,1087.75,,,
6,guided,inner_selection,26,0.23030578400939702,0.9365879636257887,,0.996875,4299.4,2.5,0.9890625,4770.5,1087.75,,,
6,guided,inner_selection,27,0.22595274727791548,0.9122167360037565,,0.99375,4299.0,2.45,0.9890625,4770.5,1087.75,,,
6,guided,inner_selection,28,0.26286039873957634,0.9405218161642551,,0.996875,4319.75,1.7,0.9890625,4770.5,1087.75,,,
6,guided,inner_selection,29,0.20960896441247315,0.9513734256848693,,1.0,4333.5,2.45,0.9890625,4770.5,1087.75,,,
6,guided,inner_selection,30,0.21972096264362334,0.9273032300174237,,0.996875,4306.65,2.1,0.9890625,4770.5,1087.75,,,
6,guided,outer_refit,1,,,1.1083443086594342,,,,,,,0.99375,4678.85,2.25
6,guided,outer_refit,2,,,1.0356970514636488,,,,,,,1.0,4692.05,2.85
6,guided,outer_refit,3,,,1.0180859372019768,,,,,,,0.996875,4695.75,2.9
6,guided,outer_refit,4,,,1.013572345674038,,,,,,,0.996875,4715.2,2.4
6,guided,outer_refit,5,,,1.0067236393690109,,,,,,,0.996875,4705.5,2.75
6,guided,outer_refit,6,,,0.987663434445858,,,,,,,0.99375,4692.6,2.8
6,guided,outer_refit,7,,,0.993427200615406,,,,,,,0.996875,4694.2,2.9
6,guided,outer_refit,8,,,0.9417626582086086,,,,,,,0.996875,4691.4,3.05
6,guided,outer_refit,9,,,0.943081870675087,,,,,,,0.990625,4707.7,2.0
6,guided,outer_refit,10,,,0.9679917842149734,,,,,,,0.996875,4696.1,2.5
6,guided,outer_refit,11,,,0.967366310954094,,,,,,,1.0,4714.6,2.8
6,guided,outer_refit,12,,,0.9137468561530113,,,,,,,1.0,4713.2,2.9
6,guided,outer_refit,13,,,0.802449369430542,,,,,,,1.0,4695.95,2.0
6,guided,outer_refit,14,,,0.6488459132611751,,,,,,,1.0,4691.85,2.35
6,guided,outer_refit,15,,,0.48700428530573847,,,,,,,0.996875,4691.8,2.7
6,guided,outer_refit,16,,,0.4794322744011879,,,,,,,0.996875,4684.05,2.0
6,guided,outer_refit,17,,,0.39046417027711866,,,,,,,0.99375,4693.05,3.0
6,guided,outer_refit,18,,,0.34058147225441643,,,,,,,0.99375,4708.5,2.2
6,guided,outer_refit,19,,,0.3231881250670995,,,,,,,0.996875,4701.9,3.15
6,guided,outer_refit,20,,,0.3201358888298273,,,,,,,0.996875,4702.05,2.65
6,guided,outer_refit,21,,,0.2987473733723164,,,,,,,1.0,4699.55,2.1
6,guided,outer_refit,22,,,0.31390157267451285,,,,,,,1.0,4700.4,2.4
6,guided,outer_refit,23,,,0.290056736022234,,,,,,,0.996875,4695.5,2.45
6,guided,outer_refit,24,,,0.2633153583505191,,,,,,,0.996875,4709.35,2.7
6,guided,outer_refit,25,,,0.2502271429635584,,,,,,,1.0,4714.7,2.65
6,guided,outer_refit,26,,,0.2338548022986288,,,,,,,0.99375,4701.45,2.2
6,guided,outer_refit,27,,,0.23596702106297016,,,,,,,1.0,4714.4,2.25
7,vanilla,inner_selection,1,0.5308638320653699,2.396530792117119,,,,,,,,,,
7,vanilla,inner_selection,2,0.1408493738854304,2.2613161355257034,,,,,,,,,,
7,vanilla,inner_selection,3,0.10975345636252314,2.218574333190918,,,,,,,,,,
7,vanilla,inner_selection,4,0.09385425112886878,2.1775172680616377,,,,,,,,,,
7,vanilla,inner_selection,5,0.08413165181409568,2.1667636394500733,,,,,,,,,,
7,vanilla,inner_selection,6,0.07581718768924475,2.1263481050729753,,,,,,,,,,
7,vanilla,inner_selection,7,0.06895815636962652,2.1808875888586043,,,,,,,,,,
7,vanilla,inner_selection,8,0.0722663464868674,2.1376438200473786,,,,,,,,,,
7,vanilla,inner_selection,9,0.06639132664640783,2.1349702566862105,,,,,,,,,,
7,vanilla,outer_refit,1,,,0.5371041739359498,,,,,,,,,
7,vanilla,outer_refit,2,,,0.14737859004890197,,,,,,,,,
7,vanilla,outer_refit,3,,,0.11100719016976654,,,,,,,,,
7,vanilla,outer_refit,4,,,0.10027937972918152,,,,,,,,,
7,vanilla,outer_refit,5,,,0.09371724862139671,,,,,,,,,
7,vanilla,outer_refit,6,,,0.08324631895029597,,,,,,,,,
7,guided,inner_selection,1,1.0955012321472168,1.6648572921752929,,1.0,4285.0,2.1,0.9935546875,4748.8,1073.45,,,
7,guided,inner_selection,2,1.0298700526356697,1.5880822338163854,,1.0,4299.45,2.4,0.9935546875,4748.8,1073.45,,,
7,guided,inner_selection,3,0.9138715639710426,1.7547702059149741,,0.990625,4288.4,2.9,0.9935546875,4748.8,1073.45,,,
7,guided,inner_selection,4,0.8896261140704155,1.6607816956937314,,1.0,4305.35,2.85,0.9935546875,4748.8,1073.45,,,
7,guided,inner_selection,5,0.8731859579682351,1.605735569447279,,0.996875,4319.95,2.05,0.9935546875,4748.8,1073.45,,,
7,guided,outer_refit,1,,,1.0396950751543046,,,,,,,0.996875,4416.8,1.8
7,guided,outer_refit,2,,,0.900835445523262,,,,,,,0.99375,4405.75,1.8
8,vanilla,inner_selection,1,0.5113358903676272,2.4488760411739348,,,,,,,,,,
8,vanilla,inner_selection,2,0.15293317371979356,2.329478734731674,,,,,,,,,,
8,vanilla,inner_selection,3,0.10805294972378761,2.28787248134613,,,,,,,,,,
8,vanilla,inner_selection,4,0.09427458754507825,2.278767454624176,,,,,,,,,,
8,vanilla,inner_selection,5,0.08528030346788,2.2596949249505998,,,,,,,,,,
8,vanilla,inner_selection,6,0.07677433965291129,2.229317221045494,,,,,,,,,,
8,vanilla,inner_selection,7,0.07137079993844964,2.212908372282982,,,,,,,,,,
8,vanilla,inner_selection,8,0.06597923709778115,2.2169629126787185,,,,,,,,,,
8,vanilla,inner_selection,9,0.06709858947433531,2.2086190938949586,,,,,,,,,,
8,vanilla,inner_selection,10,0.06459285339806228,2.179613173007965,,,,,,,,,,
8,vanilla,inner_selection,11,0.062099669955205175,2.1616829842329026,,,,,,,,,,
8,vanilla,inner_selection,12,0.06073273743240861,2.1809713572263716,,,,,,,,,,
8,vanilla,inner_selection,13,0.05692303430696484,2.1440856248140334,,,,,,,,,,
8,vanilla,inner_selection,14,0.061950386327225715,2.158338135480881,,,,,,,,,,
8,vanilla,inner_selection,15,0.058212192362407225,2.136703276634216,,,,,,,,,,
8,vanilla,inner_selection,16,0.056335846329238846,2.1414134085178373,,,,,,,,,,
8,vanilla,inner_selection,17,0.05221517107856925,2.138766148686409,,,,,,,,,,
8,vanilla,inner_selection,18,0.05561128436602303,2.1345718443393706,,,,,,,,,,
8,vanilla,inner_selection,19,0.05327754263125826,2.163350537419319,,,,,,,,,,
8,vanilla,inner_selection,20,0.052281758697063196,2.139998009800911,,,,,,,,,,
8,vanilla,inner_selection,21,0.052136793805402704,2.1556296050548553,,,,,,,,,,
8,vanilla,outer_refit,1,,,0.4881063010776415,,,,,,,,,
8,vanilla,outer_refit,2,,,0.14448343440890313,,,,,,,,,
8,vanilla,outer_refit,3,,,0.10653368185739964,,,,,,,,,
8,vanilla,outer_refit,4,,,0.09127816561376675,,,,,,,,,
8,vanilla,outer_refit,5,,,0.07875826503441204,,,,,,,,,
8,vanilla,outer_refit,6,,,0.07151844936888666,,,,,,,,,
8,vanilla,outer_refit,7,,,0.06953574850340374,,,,,,,,,
8,vanilla,outer_refit,8,,,0.06647437838983024,,,,,,,,,
8,vanilla,outer_refit,9,,,0.06248930803849362,,,,,,,,,
8,vanilla,outer_refit,10,,,0.062122244421334474,,,,,,,,,
8,vanilla,outer_refit,11,,,0.062269927747547624,,,,,,,,,
8,vanilla,outer_refit,12,,,0.057812816282967104,,,,,,,,,
8,vanilla,outer_refit,13,,,0.0567362380126724,,,,,,,,,
8,vanilla,outer_refit,14,,,0.05404467941334588,,,,,,,,,
8,vanilla,outer_refit,15,,,0.055939251303789204,,,,,,,,,
8,vanilla,outer_refit,16,,,0.05492834639444481,,,,,,,,,
8,vanilla,outer_refit,17,,,0.05300269232830033,,,,,,,,,
8,vanilla,outer_refit,18,,,0.051011838752310724,,,,,,,,,
8,guided,inner_selection,1,0.9708408698439598,1.7069776386022568,,0.99375,4272.55,2.0,0.991796875,5671.95,763.2,,,
8,guided,inner_selection,2,0.9297261103987694,1.602712631970644,,0.99375,4304.2,1.3,0.991796875,5671.95,763.2,,,
8,guided,inner_selection,3,0.8674462914466858,1.5919868029654025,,1.0,4276.25,1.45,0.991796875,5671.95,763.2,,,
8,guided,inner_selection,4,0.866348272562027,1.563987024128437,,0.996875,4291.15,2.35,0.991796875,5671.95,763.2,,,
8,guided,inner_selection,5,0.7323273424524814,1.5701455000787974,,1.0,4279.9,2.2,0.991796875,5671.95,763.2,,,
8,guided,inner_selection,6,0.7508532404899597,1.6136296011507512,,0.996875,4270.35,1.15,0.991796875,5671.95,763.2,,,
8,guided,inner_selection,7,0.6566671580076218,1.6648639965802432,,0.99375,4291.75,1.25,0.991796875,5671.95,763.2,,,
8,guided,outer_refit,1,,,0.9979591935873031,,,,,,,1.0,4282.45,1.5
8,guided,outer_refit,2,,,0.9017131552100182,,,,,,,0.996875,4294.25,1.4
8,guided,outer_refit,3,,,0.8510775119066238,,,,,,,0.99375,4278.65,1.6
8,guided,outer_refit,4,,,0.832247368991375,,,,,,,1.0,4298.55,1.25
9,vanilla,inner_selection,1,0.5788801042363048,2.4509434700012207,,,,,,,,,,
9,vanilla,inner_selection,2,0.13780624418723164,2.3578831255435944,,,,,,,,,,
9,vanilla,inner_selection,3,0.1006987219057919,2.297980025410652,,,,,,,,,,
9,vanilla,inner_selection,4,0.08224824658827856,2.2978897035121917,,,,,,,,,,
9,vanilla,inner_selection,5,0.07337031134375138,2.2657458633184433,,,,,,,,,,
9,vanilla,inner_selection,6,0.0723584122955799,2.237184205651283,,,,,,,,,,
9,vanilla,inner_selection,7,0.06470691248832736,2.2110224694013594,,,,,,,,,,
9,vanilla,inner_selection,8,0.06246722367359325,2.1919938057661055,,,,,,,,,,
9,vanilla,inner_selection,9,0.05725151574297342,2.192774474620819,,,,,,,,,,
9,vanilla,inner_selection,10,0.05975141660310328,2.196169012784958,,,,,,,,,,
9,vanilla,inner_selection,11,0.06197284014779143,2.195388799905777,,,,,,,,,,
9,vanilla,outer_refit,1,,,0.4952688724239124,,,,,,,,,
9,vanilla,outer_refit,2,,,0.14697748689504805,,,,,,,,,
9,vanilla,outer_refit,3,,,0.11059144950122572,,,,,,,,,
9,vanilla,outer_refit,4,,,0.09544679633108899,,,,,,,,,
9,vanilla,outer_refit,5,,,0.08148656703997403,,,,,,,,,
9,vanilla,outer_refit,6,,,0.07560962639690842,,,,,,,,,
9,vanilla,outer_refit,7,,,0.06689281724393367,,,,,,,,,
9,vanilla,outer_refit,8,,,0.06390306780285755,,,,,,,,,
9,guided,inner_selection,1,1.1172901809215545,1.67667805403471,,0.990625,4730.4,2.45,0.9966796875,4548.65,1235.05,,,
9,guided,inner_selection,2,1.0607016786932946,1.6876552999019623,,0.99375,4719.45,2.8,0.9966796875,4548.65,1235.05,,,
9,guided,inner_selection,3,1.0517445176839828,1.6372246593236923,,1.0,4713.0,2.45,0.9966796875,4548.65,1235.05,,,
9,guided,inner_selection,4,1.0370365604758263,1.662420454621315,,0.996875,4720.65,2.25,0.9966796875,4548.65,1235.05,,,
9,guided,inner_selection,5,0.9893541738390923,1.7007461339235306,,0.996875,4727.8,1.85,0.9966796875,4548.65,1235.05,,,
9,guided,inner_selection,6,0.9988358095288277,1.6993630826473236,,0.996875,4712.3,2.65,0.9966796875,4548.65,1235.05,,,
9,guided,outer_refit,1,,,1.0185640513896943,,,,,,,0.996875,4325.3,2.05
9,guided,outer_refit,2,,,0.9735735088586808,,,,,,,1.0,4347.9,1.7
9,guided,outer_refit,3,,,0.8944652870297432,,,,,,,0.99375,4310.35,1.85
10,vanilla,inner_selection,1,0.5712088998407125,2.4019527584314346,,,,,,,,,,
10,vanilla,inner_selection,2,0.1564160454159719,2.260713991522789,,,,,,,,,,
10,vanilla,inner_selection,3,0.10739364534674678,2.1816437214612963,,,,,,,,,,
10,vanilla,inner_selection,4,0.09153797308972571,2.159071645140648,,,,,,,,,,
10,vanilla,inner_selection,5,0.07969327763275942,2.1259278804063797,,,,,,,,,,
10,vanilla,inner_selection,6,0.06903127147888881,2.1215077728033065,,,,,,,,,,
10,vanilla,inner_selection,7,0.0700592580717057,2.110008731484413,,,,,,,,,,
10,vanilla,inner_selection,8,0.06253357052337379,2.1196546614170075,,,,,,,,,,
10,vanilla,inner_selection,9,0.06063172889626003,2.091840437054634,,,,,,,,,,
10,vanilla,inner_selection,10,0.05540801111710607,2.0902491182088854,,,,,,,,,,
10,vanilla,inner_selection,11,0.056392930398578754,2.070920142531395,,,,,,,,,,
10,vanilla,inner_selection,12,0.052670213754754516,2.09452700316906,,,,,,,,,,
10,vanilla,inner_selection,13,0.05318659324548207,2.1038352847099304,,,,,,,,,,
10,vanilla,inner_selection,14,0.05151716816471889,2.091896763443947,,,,,,,,,,
10,vanilla,outer_refit,1,,,0.4184674431569874,,,,,,,,,
10,vanilla,outer_refit,2,,,0.1264787065643759,,,,,,,,,
10,vanilla,outer_refit,3,,,0.09438552197534592,,,,,,,,,
10,vanilla,outer_refit,4,,,0.07722776917071314,,,,,,,,,
10,vanilla,outer_refit,5,,,0.07528795844118577,,,,,,,,,
10,vanilla,outer_refit,6,,,0.0711077923886478,,,,,,,,,
10,vanilla,outer_refit,7,,,0.06934516449109651,,,,,,,,,
10,vanilla,outer_refit,8,,,0.06448642032046337,,,,,,,,,
10,vanilla,outer_refit,9,,,0.06396285898517817,,,,,,,,,
10,vanilla,outer_refit,10,,,0.06270012340683025,,,,,,,,,
10,vanilla,outer_refit,11,,,0.06118831549320021,,,,,,,,,
10,guided,inner_selection,1,1.0176900774240494,1.579531716927886,,0.996875,4306.3,1.75,0.9927734375,5285.75,831.6,,,
10,guided,inner_selection,2,0.8758530497550965,1.5642685677856207,,0.996875,4339.95,1.2,0.9927734375,5285.75,831.6,,,
10,guided,inner_selection,3,0.8734188333153725,1.5161032799631358,,1.0,4299.4,1.2,0.9927734375,5285.75,831.6,,,
10,guided,inner_selection,4,0.798967356979847,1.473742052912712,,0.996875,4310.75,1.25,0.9927734375,5285.75,831.6,,,
10,guided,inner_selection,5,0.7555581294000149,1.552146991342306,,0.996875,4314.8,1.7,0.9927734375,5285.75,831.6,,,
10,guided,inner_selection,6,0.7503516092896462,1.4672640897333622,,1.0,4302.25,1.65,0.9927734375,5285.75,831.6,,,
10,guided,inner_selection,7,0.7060415744781494,1.4764685153961181,,0.996875,4307.9,1.05,0.9927734375,5285.75,831.6,,,
10,guided,inner_selection,8,0.6213865283876657,1.395978046581149,,0.996875,4313.25,1.65,0.9927734375,5285.75,831.6,,,
10,guided,inner_selection,9,0.5660091117024422,1.3493079792708158,,1.0,4311.25,1.5,0.9927734375,5285.75,831.6,,,
10,guided,inner_selection,10,0.4990045092999935,1.3530180085450412,,0.99375,4313.45,1.3,0.9927734375,5285.75,831.6,,,
10,guided,inner_selection,11,0.49401180297136305,1.244588139653206,,0.996875,4334.6,1.5,0.9927734375,5285.75,831.6,,,
10,guided,inner_selection,12,0.43659820295870305,1.3240225315093994,,0.990625,4308.5,1.4,0.9927734375,5285.75,831.6,,,
10,guided,inner_selection,13,0.42309279963374136,1.1711413964629174,,0.996875,4298.2,1.5,0.9927734375,5285.75,831.6,,,
10,guided,inner_selection,14,0.3916247389279306,1.1610016833990813,,1.0,4318.95,1.5,0.9927734375,5285.75,831.6,,,
10,guided,inner_selection,15,0.36037469981238246,1.1299912102520466,,0.996875,4295.5,1.65,0.9927734375,5285.75,831.6,,,
10,guided,inner_selection,16,0.36512826308608054,1.2236400321125984,,1.0,4302.55,1.75,0.9927734375,5285.75,831.6,,,
10,guided,inner_selection,17,0.3137603713199496,1.089843238517642,,1.0,4304.85,1.6,0.9927734375,5285.75,831.6,,,
10,guided,inner_selection,18,0.319627358391881,1.0891760114580393,,0.996875,4325.15,1.5,0.9927734375,5285.75,831.6,,,
10,guided,inner_selection,19,0.3677607148885727,1.0348130788654089,,0.996875,4290.0,1.5,0.9927734375,5285.75,831.6,,,
10,guided,inner_selection,20,0.2613357323949458,1.0344131413847208,,0.996875,4313.7,1.5,0.9927734375,5285.75,831.6,,,
10,guided,inner_selection,21,0.26834621988236906,1.0089180313050747,,1.0,4331.95,1.3,0.9927734375,5285.75,831.6,,,
10,guided,inner_selection,22,0.23752315756282769,1.0686267632991076,,0.996875,4292.9,1.55,0.9927734375,5285.75,831.6,,,
10,guided,inner_selection,23,0.2327937088906765,1.0201427329331636,,0.996875,4319.85,1.45,0.9927734375,5285.75,831.6,,,
10,guided,inner_selection,24,0.22186650782823564,1.0494069091975688,,0.996875,4291.6,1.4,0.9927734375,5285.75,831.6,,,
10,guided,outer_refit,1,,,1.0781517595052719,,,,,,,0.996875,4343.35,1.65
10,guided,outer_refit,2,,,1.044151236116886,,,,,,,0.996875,4326.25,1.15
10,guided,outer_refit,3,,,0.9628784984350205,,,,,,,0.996875,4333.25,1.9
10,guided,outer_refit,4,,,0.8994531854987144,,,,,,,1.0,4322.95,1.45
10,guided,outer_refit,5,,,0.8966484606266022,,,,,,,0.99375,4345.1,1.85
10,guided,outer_refit,6,,,0.8622194603085518,,,,,,,0.996875,4331.85,2.1
10,guided,outer_refit,7,,,0.8333796858787537,,,,,,,0.996875,4340.95,1.5
10,guided,outer_refit,8,,,0.8116906449198723,,,,,,,0.996875,4332.95,1.45
10,guided,outer_refit,9,,,0.7821765437722206,,,,,,,0.99375,4323.45,1.55
10,guided,outer_refit,10,,,0.7374256998300552,,,,,,,0.996875,4304.8,1.5
10,guided,outer_refit,11,,,0.6999388352036476,,,,,,,0.996875,4331.85,1.55
10,guided,outer_refit,12,,,0.6798775762319564,,,,,,,1.0,4334.55,1.85
10,guided,outer_refit,13,,,0.6868112131953239,,,,,,,1.0,4338.15,1.15
10,guided,outer_refit,14,,,0.5380478051491082,,,,,,,0.990625,4342.55,1.4
10,guided,outer_refit,15,,,0.4733050011098385,,,,,,,1.0,4346.55,1.85
10,guided,outer_refit,16,,,0.48101598471403123,,,,,,,0.99375,4306.4,1.1
10,guided,outer_refit,17,,,0.4713423795998096,,,,,,,0.996875,4334.55,1.7
10,guided,outer_refit,18,,,0.348087968256732,,,,,,,0.99375,4314.3,1.7
10,guided,outer_refit,19,,,0.3980292834341526,,,,,,,0.996875,4343.55,1.6
10,guided,outer_refit,20,,,0.32298415154218674,,,,,,,0.996875,4331.05,1.5
10,guided,outer_refit,21,,,0.2933678976725787,,,,,,,0.99375,4332.3,2.1
11,vanilla,inner_selection,1,0.5727349287364631,2.4510767102241515,,,,,,,,,,
11,vanilla,inner_selection,2,0.15355485810141545,2.2999138057231905,,,,,,,,,,
11,vanilla,inner_selection,3,0.11112630588468164,2.2558158904314043,,,,,,,,,,
11,vanilla,inner_selection,4,0.09302620003873016,2.1903892546892165,,,,,,,,,,
11,vanilla,inner_selection,5,0.07738819974474609,2.1850779443979262,,,,,,,,,,
11,vanilla,inner_selection,6,0.0763983709664899,2.1634712308645248,,,,,,,,,,
11,vanilla,inner_selection,7,0.06963917668908834,2.1552468597888947,,,,,,,,,,
11,vanilla,inner_selection,8,0.06631578682572581,2.1280397295951845,,,,,,,,,,
11,vanilla,inner_selection,9,0.062479503836948426,2.1309471786022187,,,,,,,,,,
11,vanilla,inner_selection,10,0.06186645958659938,2.132069852948189,,,,,,,,,,
11,vanilla,inner_selection,11,0.057196872137137686,2.1166412115097044,,,,,,,,,,
11,vanilla,inner_selection,12,0.059608590806601566,2.0891955524682997,,,,,,,,,,
11,vanilla,inner_selection,13,0.05690612815960776,2.1092373341321946,,,,,,,,,,
11,vanilla,inner_selection,14,0.057835766673088075,2.100476920604706,,,,,,,,,,
11,vanilla,inner_selection,15,0.054832488275133075,2.1201266199350357,,,,,,,,,,
11,vanilla,outer_refit,1,,,0.6269227365293772,,,,,,,,,
11,vanilla,outer_refit,2,,,0.153720200007956,,,,,,,,,
11,vanilla,outer_refit,3,,,0.11457798457704485,,,,,,,,,
11,vanilla,outer_refit,4,,,0.09674055177310947,,,,,,,,,
11,vanilla,outer_refit,5,,,0.08210810192103964,,,,,,,,,
11,vanilla,outer_refit,6,,,0.07796500003605615,,,,,,,,,
11,vanilla,outer_refit,7,,,0.07183990787889342,,,,,,,,,
11,vanilla,outer_refit,8,,,0.06448500501865055,,,,,,,,,
11,vanilla,outer_refit,9,,,0.05861354796215892,,,,,,,,,
11,vanilla,outer_refit,10,,,0.060771472127817104,,,,,,,,,
11,vanilla,outer_refit,11,,,0.059168435813626276,,,,,,,,,
11,vanilla,outer_refit,12,,,0.05734583789017052,,,,,,,,,
11,guided,inner_selection,1,1.114840032160282,1.6165645137429236,,0.996875,4311.05,1.5,0.9912109375,5413.15,1063.45,,,
11,guided,inner_selection,2,0.9892344981431961,1.472050167620182,,0.996875,4328.3,1.45,0.9912109375,5413.15,1063.45,,,
11,guided,inner_selection,3,0.9469422325491905,1.5976239085197448,,0.99375,4329.35,1.35,0.9912109375,5413.15,1063.45,,,
11,guided,inner_selection,4,0.9751266837120056,1.4724609047174453,,1.0,4352.6,1.4,0.9912109375,5413.15,1063.45,,,
11,guided,inner_selection,5,0.9158281639218331,1.4736298173666,,0.99375,4342.0,1.75,0.9912109375,5413.15,1063.45,,,
11,guided,outer_refit,1,,,0.9540750950574874,,,,,,,0.996875,4360.65,1.55
11,guided,outer_refit,2,,,0.856103640794754,,,,,,,0.996875,4345.85,1.05
12,vanilla,inner_selection,1,0.434570221521426,2.32735880613327,,,,,,,,,,
12,vanilla,inner_selection,2,0.14713071500445948,2.277905172109604,,,,,,,,,,
12,vanilla,inner_selection,3,0.10274840729252901,2.272970199584961,,,,,,,,,,
12,vanilla,inner_selection,4,0.08948334648739546,2.2297578543424605,,,,,,,,,,
12,vanilla,inner_selection,5,0.07830230628605932,2.206409552693367,,,,,,,,,,
12,vanilla,inner_selection,6,0.07053910212562187,2.208992686867714,,,,,,,,,,
12,vanilla,inner_selection,7,0.06886050472057832,2.213901790976524,,,,,,,,,,
12,vanilla,inner_selection,8,0.06772559171076864,2.1871202766895292,,,,,,,,,,
12,vanilla,inner_selection,9,0.058977512086858044,2.1956469088792803,,,,,,,,,,
12,vanilla,inner_selection,10,0.06283404112327844,2.1806168884038923,,,,,,,,,,
12,vanilla,inner_selection,11,0.06017746679772244,2.1374857813119887,,,,,,,,,,
12,vanilla,inner_selection,12,0.05395568800158799,2.1865204006433485,,,,,,,,,,
12,vanilla,inner_selection,13,0.057592070785176475,2.147478777170181,,,,,,,,,,
12,vanilla,inner_selection,14,0.05081243587483186,2.1575786739587786,,,,,,,,,,
12,vanilla,outer_refit,1,,,0.3584727950172237,,,,,,,,,
12,vanilla,outer_refit,2,,,0.1283928030403331,,,,,,,,,
12,vanilla,outer_refit,3,,,0.09388514966703951,,,,,,,,,
12,vanilla,outer_refit,4,,,0.0867374322933756,,,,,,,,,
12,vanilla,outer_refit,5,,,0.07878062760573812,,,,,,,,,
12,vanilla,outer_refit,6,,,0.07277175000417628,,,,,,,,,
12,vanilla,outer_refit,7,,,0.06734942819457501,,,,,,,,,
12,vanilla,outer_refit,8,,,0.06664772983640432,,,,,,,,,
12,vanilla,outer_refit,9,,,0.06330134555901168,,,,,,,,,
12,vanilla,outer_refit,10,,,0.06340082305687247,,,,,,,,,
12,vanilla,outer_refit,11,,,0.05823918889291235,,,,,,,,,
12,guided,inner_selection,1,0.9949211493134499,1.7698550149798393,,0.996875,4455.55,1.5,0.9857421875,4806.15,902.2,,,
12,guided,inner_selection,2,0.863605335354805,1.5627320751547813,,0.996875,4422.15,2.0,0.9857421875,4806.15,902.2,,,
12,guided,inner_selection,3,0.8316816210746765,1.6421660900115966,,1.0,4439.45,1.0,0.9857421875,4806.15,902.2,,,
12,guided,inner_selection,4,0.7909592479467392,1.5968714937567712,,0.996875,4430.6,1.5,0.9857421875,4806.15,902.2,,,
12,guided,inner_selection,5,0.7532561480998993,1.544928115606308,,1.0,4428.8,1.2,0.9857421875,4806.15,902.2,,,
12,guided,inner_selection,6,0.7316639438271523,1.4984673798084258,,0.99375,4423.25,0.9,0.9857421875,4806.15,902.2,,,
12,guided,inner_selection,7,0.6911608275026083,1.5903415516018868,,0.996875,4427.3,1.4,0.9857421875,4806.15,902.2,,,
12,guided,inner_selection,8,0.6801725178956985,1.6013547971844673,,0.996875,4430.45,1.25,0.9857421875,4806.15,902.2,,,
12,guided,inner_selection,9,0.6714067026972771,1.475935885310173,,0.996875,4423.95,1.8,0.9857421875,4806.15,902.2,,,
12,guided,inner_selection,10,0.5839585527777672,1.6233177982270717,,1.0,4425.55,1.05,0.9857421875,4806.15,902.2,,,
12,guided,inner_selection,11,0.5739515230059624,1.4268491342663765,,0.996875,4419.25,1.0,0.9857421875,4806.15,902.2,,,
12,guided,inner_selection,12,0.5334636621177197,1.4135286819189787,,1.0,4437.75,1.25,0.9857421875,4806.15,902.2,,,
12,guided,inner_selection,13,0.501991743594408,1.4332683712244034,,0.996875,4422.5,1.1,0.9857421875,4806.15,902.2,,,
12,guided,inner_selection,14,0.46518420800566673,1.2747657962143422,,0.996875,4414.75,1.5,0.9857421875,4806.15,902.2,,,
12,guided,inner_selection,15,0.40413342945394104,1.2824357599020004,,0.996875,4407.85,1.6,0.9857421875,4806.15,902.2,,,
12,guided,inner_selection,16,0.4810505509376526,1.1550431221723556,,0.996875,4428.55,1.3,0.9857421875,4806.15,902.2,,,
12,guided,inner_selection,17,0.3354665894061327,1.126989759504795,,1.0,4412.9,1.5,0.9857421875,4806.15,902.2,,,
12,guided,inner_selection,18,0.3178080730140209,1.0611615262925624,,0.99375,4454.65,1.1,0.9857421875,4806.15,902.2,,,
12,guided,inner_selection,19,0.2903407089412212,1.085239751636982,,0.996875,4463.1,1.6,0.9857421875,4806.15,902.2,,,
12,guided,inner_selection,20,0.26918299043718436,1.026060700416565,,0.99375,4444.6,1.05,0.9857421875,4806.15,902.2,,,
12,guided,inner_selection,21,0.24849619555043317,1.08777679130435,,1.0,4417.45,1.45,0.9857421875,4806.15,902.2,,,
12,guided,inner_selection,22,0.23390314588323236,1.0477517247200012,,0.996875,4447.2,0.95,0.9857421875,4806.15,902.2,,,
12,guided,inner_selection,23,0.2596517615020275,1.0849408395588398,,0.996875,4418.4,1.25,0.9857421875,4806.15,902.2,,,
12,guided,outer_refit,1,,,1.0533346012234688,,,,,,,0.996875,4533.85,1.4
12,guided,outer_refit,2,,,0.9669666573405266,,,,,,,1.0,4544.15,1.35
12,guided,outer_refit,3,,,0.9089966930449009,,,,,,,0.99375,4550.75,1.75
12,guided,outer_refit,4,,,0.8924257799983024,,,,,,,1.0,4548.3,1.55
12,guided,outer_refit,5,,,0.8874146029353142,,,,,,,1.0,4563.25,1.3
12,guided,outer_refit,6,,,0.847688814997673,,,,,,,1.0,4551.15,1.3
12,guided,outer_refit,7,,,0.8145582176744938,,,,,,,0.99375,4569.7,1.4
12,guided,outer_refit,8,,,0.8066499322652817,,,,,,,0.99375,4544.8,1.5
12,guided,outer_refit,9,,,0.7612602539360523,,,,,,,0.99375,4533.85,1.75
12,guided,outer_refit,10,,,0.7089473374420777,,,,,,,0.996875,4563.2,1.55
12,guided,outer_refit,11,,,0.696883761882782,,,,,,,1.0,4537.0,2.15
12,guided,outer_refit,12,,,0.6210376739501953,,,,,,,1.0,4533.2,0.95
12,guided,outer_refit,13,,,0.5422840396873653,,,,,,,0.996875,4523.15,1.45
12,guided,outer_refit,14,,,0.5038014262914657,,,,,,,0.996875,4544.9,1.3
12,guided,outer_refit,15,,,0.4272467467933893,,,,,,,1.0,4540.5,1.8
12,guided,outer_refit,16,,,0.3844257934310008,,,,,,,1.0,4530.3,0.9
12,guided,outer_refit,17,,,0.3705351293087006,,,,,,,0.996875,4568.25,1.9
12,guided,outer_refit,18,,,0.3230691719800234,,,,,,,1.0,4530.45,1.3
12,guided,outer_refit,19,,,0.30939934998750684,,,,,,,0.99375,4547.4,1.8
12,guided,outer_refit,20,,,0.295361640304327,,,,,,,0.996875,4560.65,1.6
13,vanilla,inner_selection,1,0.5220703152008355,2.5026507169008254,,,,,,,,,,
13,vanilla,inner_selection,2,0.1657625377178192,2.372166410088539,,,,,,,,,,
13,vanilla,inner_selection,3,0.12624740312749055,2.301772579550743,,,,,,,,,,
13,vanilla,inner_selection,4,0.1001290310305194,2.2898349106311797,,,,,,,,,,
13,vanilla,inner_selection,5,0.08774309382861248,2.2497801214456556,,,,,,,,,,
13,vanilla,inner_selection,6,0.08133638193830847,2.2177121549844743,,,,,,,,,,
13,vanilla,inner_selection,7,0.0727179945242824,2.2058002233505247,,,,,,,,,,
13,vanilla,inner_selection,8,0.0707644471724052,2.18090560734272,,,,,,,,,,
13,vanilla,inner_selection,9,0.06257783363107591,2.1544527024030686,,,,,,,,,,
13,vanilla,inner_selection,10,0.06150330304990348,2.156289392709732,,,,,,,,,,
13,vanilla,inner_selection,11,0.05623347344590002,2.154020681977272,,,,,,,,,,
13,vanilla,inner_selection,12,0.05956302915146807,2.1310452491045,,,,,,,,,,
13,vanilla,inner_selection,13,0.059060152523670695,2.1520051032304766,,,,,,,,,,
13,vanilla,inner_selection,14,0.05176396162423771,2.122245466709137,,,,,,,,,,
13,vanilla,inner_selection,15,0.05250815198960481,2.1329010009765623,,,,,,,,,,
13,vanilla,inner_selection,16,0.05500342529267073,2.1263623952865602,,,,,,,,,,
13,vanilla,inner_selection,17,0.05324420461147383,2.111661580204964,,,,,,,,,,
13,vanilla,inner_selection,18,0.048100675479508935,2.120171508193016,,,,,,,,,,
13,vanilla,inner_selection,19,0.05100643047480844,2.1180826008319853,,,,,,,,,,
13,vanilla,inner_selection,20,0.049988072065025334,2.0978102773427962,,,,,,,,,,
13,vanilla,inner_selection,21,0.04869797961291624,2.094996640086174,,,,,,,,,,
13,vanilla,inner_selection,22,0.05266089572396595,2.100405436754227,,,,,,,,,,
13,vanilla,inner_selection,23,0.05027014176594093,2.1105744570493696,,,,,,,,,,
13,vanilla,inner_selection,24,0.05076042729779147,2.103992709517479,,,,,,,,,,
13,vanilla,outer_refit,1,,,0.5230299714021385,,,,,,,,,
13,vanilla,outer_refit,2,,,0.17463025925680994,,,,,,,,,
13,vanilla,outer_refit,3,,,0.1189477107662242,,,,,,,,,
13,vanilla,outer_refit,4,,,0.1002289968484547,,,,,,,,,
13,vanilla,outer_refit,5,,,0.08539653662810451,,,,,,,,,
13,vanilla,outer_refit,6,,,0.07374456422840012,,,,,,,,,
13,vanilla,outer_refit,7,,,0.06819323910167441,,,,,,,,,
13,vanilla,outer_refit,8,,,0.07091568805335555,,,,,,,,,
13,vanilla,outer_refit,9,,,0.06468472074775491,,,,,,,,,
13,vanilla,outer_refit,10,,,0.05935689426842146,,,,,,,,,
13,vanilla,outer_refit,11,,,0.05959124078799505,,,,,,,,,
13,vanilla,outer_refit,12,,,0.05774767961120233,,,,,,,,,
13,vanilla,outer_refit,13,,,0.05904042699257843,,,,,,,,,
13,vanilla,outer_refit,14,,,0.05512649258380407,,,,,,,,,
13,vanilla,outer_refit,15,,,0.05527374858065741,,,,,,,,,
13,vanilla,outer_refit,16,,,0.05305161252617836,,,,,,,,,
13,vanilla,outer_refit,17,,,0.05090618801477831,,,,,,,,,
13,vanilla,outer_refit,18,,,0.052990144774958024,,,,,,,,,
13,vanilla,outer_refit,19,,,0.05179170718183741,,,,,,,,,
13,vanilla,outer_refit,20,,,0.05310237850353587,,,,,,,,,
13,vanilla,outer_refit,21,,,0.04682403290644288,,,,,,,,,
13,guided,inner_selection,1,0.9269940562546253,1.7445385936647653,,0.99375,4526.75,1.0,0.98671875,5314.35,935.65,,,
13,guided,inner_selection,2,0.8514133080840111,1.7154331702739,,0.99375,4541.6,0.9,0.98671875,5314.35,935.65,,,
13,guided,inner_selection,3,0.7937400788068771,1.6570885568857192,,0.996875,4528.5,0.95,0.98671875,5314.35,935.65,,,
13,guided,inner_selection,4,0.7630764588713645,1.668655265122652,,0.996875,4506.75,1.05,0.98671875,5314.35,935.65,,,
13,guided,inner_selection,5,0.7222295358777047,1.624926248192787,,1.0,4505.45,0.75,0.98671875,5314.35,935.65,,,
13,guided,inner_selection,6,0.7198358029127121,1.5973269306123257,,0.996875,4500.4,1.45,0.98671875,5314.35,935.65,,,
13,guided,inner_selection,7,0.6137123569846153,1.5310612183064223,,0.996875,4508.0,0.7,0.98671875,5314.35,935.65,,,
13,guided,inner_selection,8,0.5410722373984754,1.5094702455215157,,0.996875,4520.35,0.95,0.98671875,5314.35,935.65,,,
13,guided,inner_selection,9,0.556831718981266,1.404473052220419,,0.996875,4510.15,1.35,0.98671875,5314.35,935.65,,,
13,guided,inner_selection,10,0.45584634616971015,1.361663102710736,,0.996875,4539.3,1.0,0.98671875,5314.35,935.65,,,
13,guided,inner_selection,11,0.5008654795587063,1.2520889438208542,,0.996875,4532.75,0.6,0.98671875,5314.35,935.65,,,
13,guided,inner_selection,12,0.3873261689033825,1.3270384292307427,,1.0,4513.25,1.25,0.98671875,5314.35,935.65,,,
13,guided,inner_selection,13,0.37723456546664236,1.2292387374051033,,0.99375,4533.5,1.15,0.98671875,5314.35,935.65,,,
13,guided,inner_selection,14,0.3462600320577621,1.2394973991489677,,0.996875,4508.2,1.15,0.98671875,5314.35,935.65,,,
13,guided,inner_selection,15,0.33006437161238866,1.2981742926515154,,0.996875,4522.4,0.7,0.98671875,5314.35,935.65,,,
13,guided,inner_selection,16,0.32186801843345164,1.204438924099668,,1.0,4502.3,1.15,0.98671875,5314.35,935.65,,,
13,guided,inner_selection,17,0.3090627081692219,1.150321134000842,,0.996875,4528.05,1.3,0.98671875,5314.35,935.65,,,
13,guided,inner_selection,18,0.28909452445805073,1.0982661052542426,,1.0,4495.2,1.05,0.98671875,5314.35,935.65,,,
13,guided,inner_selection,19,0.2567465997068211,1.0633368099910683,,1.0,4520.85,1.25,0.98671875,5314.35,935.65,,,
13,guided,inner_selection,20,0.24582166981417686,1.1823611749617045,,0.996875,4517.45,0.75,0.98671875,5314.35,935.65,,,
13,guided,inner_selection,21,0.23175077624619006,1.170576934957262,,0.996875,4520.25,0.65,0.98671875,5314.35,935.65,,,
13,guided,inner_selection,22,0.24284522831439972,1.1100737052861631,,1.0,4497.3,1.45,0.98671875,5314.35,935.65,,,
13,guided,outer_refit,1,,,1.0163771525025367,,,,,,,0.996875,4493.85,1.0
13,guided,outer_refit,2,,,0.8940497159957885,,,,,,,0.996875,4505.45,0.7
13,guided,outer_refit,3,,,0.8218250766396522,,,,,,,1.0,4511.95,0.85
13,guided,outer_refit,4,,,0.7953623935580254,,,,,,,0.99375,4517.4,1.1
13,guided,outer_refit,5,,,0.7690932050347328,,,,,,,1.0,4474.6,0.9
13,guided,outer_refit,6,,,0.7563651755452157,,,,,,,0.996875,4503.15,0.6
13,guided,outer_refit,7,,,0.6908925533294678,,,,,,,0.99375,4501.05,0.95
13,guided,outer_refit,8,,,0.6757014073431492,,,,,,,0.99375,4522.15,1.25
13,guided,outer_refit,9,,,0.5305257551372051,,,,,,,1.0,4513.6,0.8
13,guided,outer_refit,10,,,0.44859849764034154,,,,,,,0.99375,4508.6,1.2
13,guided,outer_refit,11,,,0.4362091235816479,,,,,,,0.996875,4509.3,0.8
13,guided,outer_refit,12,,,0.40946668907999995,,,,,,,0.996875,4494.25,0.95
13,guided,outer_refit,13,,,0.3781793687667232,,,,,,,0.99375,4483.95,0.7
13,guided,outer_refit,14,,,0.4759065851569176,,,,,,,1.0,4479.0,1.0
13,guided,outer_refit,15,,,0.35150271986494774,,,,,,,0.99375,4508.25,1.45
13,guided,outer_refit,16,,,0.35750422403216364,,,,,,,0.996875,4490.0,0.85
13,guided,outer_refit,17,,,0.30991088785231113,,,,,,,0.990625,4499.2,0.9
13,guided,outer_refit,18,,,0.308039814978838,,,,,,,1.0,4502.85,1.25
13,guided,outer_refit,19,,,0.2927376080304384,,,,,,,0.99375,4492.45,1.2
14,vanilla,inner_selection,1,0.47920162615628215,2.432607728242874,,,,,,,,,,
14,vanilla,inner_selection,2,0.13401233856275213,2.2887433648109434,,,,,,,,,,
14,vanilla,inner_selection,3,0.09408647342934273,2.2738534659147263,,,,,,,,,,
14,vanilla,inner_selection,4,0.07931653666018974,2.2093502968549728,,,,,,,,,,
14,vanilla,inner_selection,5,0.07327684881747701,2.1708667814731597,,,,,,,,,,
14,vanilla,inner_selection,6,0.07122201463207603,2.2116294860839845,,,,,,,,,,
14,vanilla,inner_selection,7,0.06506473350455053,2.200750032067299,,,,,,,,,,
14,vanilla,inner_selection,8,0.0638332891940081,2.182107135653496,,,,,,,,,,
14,vanilla,outer_refit,1,,,0.6787203450017841,,,,,,,,,
14,vanilla,outer_refit,2,,,0.14963776792865247,,,,,,,,,
14,vanilla,outer_refit,3,,,0.10040896917926148,,,,,,,,,
14,vanilla,outer_refit,4,,,0.0852909355337033,,,,,,,,,
14,vanilla,outer_refit,5,,,0.07442940410110169,,,,,,,,,
14,guided,inner_selection,1,0.9597725450992585,1.617560902237892,,0.990625,4518.75,1.0,0.9923828125,5405.5,833.65,,,
14,guided,inner_selection,2,0.8626707300543786,1.646644188463688,,1.0,4524.1,1.3,0.9923828125,5405.5,833.65,,,
14,guided,inner_selection,3,0.8176311403512955,1.5375778798013926,,0.99375,4516.9,1.4,0.9923828125,5405.5,833.65,,,
14,guided,inner_selection,4,0.846242432296276,1.5557095304131507,,0.996875,4515.25,0.8,0.9923828125,5405.5,833.65,,,
14,guided,inner_selection,5,0.7480467304587364,1.6543936431407928,,0.990625,4505.3,0.75,0.9923828125,5405.5,833.65,,,
14,guided,inner_selection,6,0.7489403620362282,1.5205201782286166,,0.996875,4522.85,1.1,0.9923828125,5405.5,833.65,,,
14,guided,inner_selection,7,0.6605441575869918,1.5005066469311714,,1.0,4486.0,0.8,0.9923828125,5405.5,833.65,,,
14,guided,inner_selection,8,0.6192859627306462,1.5132608868181705,,0.996875,4516.9,1.4,0.9923828125,5405.5,833.65,,,
14,guided,inner_selection,9,0.5436013020575047,1.3713145088404417,,0.996875,4497.8,1.15,0.9923828125,5405.5,833.65,,,
14,guided,inner_selection,10,0.47945819348096846,1.3482022766023873,,1.0,4490.4,1.9,0.9923828125,5405.5,833.65,,,
14,guided,inner_selection,11,0.4312392998486759,1.248007658775896,,1.0,4499.85,1.3,0.9923828125,5405.5,833.65,,,
14,guided,inner_selection,12,0.4026534967124462,1.2360356378601864,,0.99375,4493.25,1.05,0.9923828125,5405.5,833.65,,,
14,guided,inner_selection,13,0.3840692833065987,1.2439094859058968,,0.996875,4479.55,0.95,0.9923828125,5405.5,833.65,,,
14,guided,inner_selection,14,0.3645485295914114,1.2082733950344846,,1.0,4483.65,0.75,0.9923828125,5405.5,833.65,,,
14,guided,inner_selection,15,0.3594606153666973,1.2122927580685428,,1.0,4476.8,1.05,0.9923828125,5405.5,833.65,,,
14,guided,inner_selection,16,0.37189231216907503,1.1748625229041862,,0.996875,4511.35,1.25,0.9923828125,5405.5,833.65,,,
14,guided,inner_selection,17,0.31115477727726104,1.1417747806899115,,0.996875,4490.65,1.1,0.9923828125,5405.5,833.65,,,
14,guided,inner_selection,18,0.31114626079797747,1.135247464753047,,1.0,4501.15,0.85,0.9923828125,5405.5,833.65,,,
14,guided,inner_selection,19,0.28018687330186365,1.1237586567186781,,0.996875,4532.7,0.95,0.9923828125,5405.5,833.65,,,
14,guided,inner_selection,20,0.25645661279559134,1.014366085082311,,1.0,4507.5,1.05,0.9923828125,5405.5,833.65,,,
14,guided,inner_selection,21,0.2847632264718413,1.0504807289700693,,1.0,4509.95,1.0,0.9923828125,5405.5,833.65,,,
14,guided,inner_selection,22,0.2602229010313749,1.0434950685129452,,1.0,4490.25,1.6,0.9923828125,5405.5,833.65,,,
14,guided,inner_selection,23,0.23262283485382795,0.9952133391052769,,1.0,4501.4,1.35,0.9923828125,5405.5,833.65,,,
14,guided,inner_selection,24,0.19943975582718848,1.037252458184976,,1.0,4490.65,0.55,0.9923828125,5405.5,833.65,,,
14,guided,inner_selection,25,0.19383683949708938,1.1127188682556153,,0.996875,4505.3,1.15,0.9923828125,5405.5,833.65,,,
14,guided,inner_selection,26,0.20641784500330687,1.0182723868638277,,0.996875,4523.65,1.15,0.9923828125,5405.5,833.65,,,
14,guided,outer_refit,1,,,0.9441467143595219,,,,,,,0.99375,4489.85,0.85
14,guided,outer_refit,2,,,0.8922376319766044,,,,,,,0.996875,4503.75,1.3
14,guided,outer_refit,3,,,0.8473468258976936,,,,,,,0.996875,4497.5,1.1
14,guided,outer_refit,4,,,0.8145116031169891,,,,,,,1.0,4481.75,0.6
14,guided,outer_refit,5,,,0.8212774887681007,,,,,,,1.0,4503.65,1.4
14,guided,outer_refit,6,,,0.7399498641490936,,,,,,,0.996875,4514.1,0.95
14,guided,outer_refit,7,,,0.6799854596145452,,,,,,,0.996875,4539.85,0.85
14,guided,outer_refit,8,,,0.6595940537750721,,,,,,,0.996875,4544.7,0.7
14,guided,outer_refit,9,,,0.5710860319435597,,,,,,,0.99375,4506.35,1.3
14,guided,outer_refit,10,,,0.5030001915991307,,,,,,,1.0,4508.8,1.05
14,guided,outer_refit,11,,,0.473362497985363,,,,,,,1.0,4531.75,1.15
14,guided,outer_refit,12,,,0.45105970129370687,,,,,,,0.996875,4487.0,1.0
14,guided,outer_refit,13,,,0.41337759103626015,,,,,,,0.99375,4482.25,1.0
14,guided,outer_refit,14,,,0.38758988737827166,,,,,,,0.99375,4512.5,0.9
14,guided,outer_refit,15,,,0.36070898845791816,,,,,,,0.996875,4491.95,1.15
14,guided,outer_refit,16,,,0.3502237431704998,,,,,,,0.996875,4480.5,0.75
14,guided,outer_refit,17,,,0.3010904872789979,,,,,,,1.0,4504.8,1.05
14,guided,outer_refit,18,,,0.29367238357663156,,,,,,,1.0,4497.4,0.7
14,guided,outer_refit,19,,,0.26920022807316857,,,,,,,0.996875,4541.2,1.05
14,guided,outer_refit,20,,,0.24802426363457925,,,,,,,0.99375,4497.6,0.8
14,guided,outer_refit,21,,,0.23083660155534744,,,,,,,1.0,4517.45,0.75
14,guided,outer_refit,22,,,0.2300390167394653,,,,,,,0.996875,4481.65,1.3
14,guided,outer_refit,23,,,0.20897959086578338,,,,,,,1.0,4487.8,0.8
15,vanilla,inner_selection,1,0.5873450298560783,2.56763699054718,,,,,,,,,,
15,vanilla,inner_selection,2,0.17688770287204533,2.426209008693695,,,,,,,,,,
15,vanilla,inner_selection,3,0.11563231941545382,2.373380184173584,,,,,,,,,,
15,vanilla,inner_selection,4,0.09215224100917112,2.3079259246587753,,,,,,,,,,
15,vanilla,inner_selection,5,0.07625630132606602,2.289763316512108,,,,,,,,,,
15,vanilla,inner_selection,6,0.06951270289719105,2.273989748954773,,,,,,,,,,
15,vanilla,inner_selection,7,0.06498839328996837,2.2670184284448625,,,,,,,,,,
15,vanilla,inner_selection,8,0.06300019015943689,2.2830343574285505,,,,,,,,,,
15,vanilla,inner_selection,9,0.05937971642051707,2.2350062310695646,,,,,,,,,,
15,vanilla,inner_selection,10,0.0636050334200263,2.2051397770643235,,,,,,,,,,
15,vanilla,inner_selection,11,0.056268800725229086,2.204303592443466,,,,,,,,,,
15,vanilla,inner_selection,12,0.055872529791668055,2.23595831990242,,,,,,,,,,
15,vanilla,inner_selection,13,0.05431396439671517,2.2107114493846893,,,,,,,,,,
15,vanilla,inner_selection,14,0.0525798562419368,2.245517337322235,,,,,,,,,,
15,vanilla,outer_refit,1,,,0.4481277359329397,,,,,,,,,
15,vanilla,outer_refit,2,,,0.13707571402192115,,,,,,,,,
15,vanilla,outer_refit,3,,,0.09843765618279576,,,,,,,,,
15,vanilla,outer_refit,4,,,0.09005872946509044,,,,,,,,,
15,vanilla,outer_refit,5,,,0.07703468071849784,,,,,,,,,
15,vanilla,outer_refit,6,,,0.06961873347681831,,,,,,,,,
15,vanilla,outer_refit,7,,,0.06793304956736393,,,,,,,,,
15,vanilla,outer_refit,8,,,0.07010506921651541,,,,,,,,,
15,vanilla,outer_refit,9,,,0.06378019019375643,,,,,,,,,
15,vanilla,outer_refit,10,,,0.06141126551665366,,,,,,,,,
15,vanilla,outer_refit,11,,,0.053917566721793264,,,,,,,,,
15,guided,inner_selection,1,0.9753207221627236,1.8334675498306752,,0.99375,4494.1,0.9,0.9962890625,4790.7,967.7,,,
15,guided,inner_selection,2,0.857470789551735,1.7546963915228844,,0.996875,4492.55,1.4,0.9962890625,4790.7,967.7,,,
15,guided,inner_selection,3,0.7997804947197438,1.7106627065688371,,0.99375,4497.65,0.8,0.9962890625,4790.7,967.7,,,
15,guided,inner_selection,4,0.7661947205662727,2.023187581822276,,1.0,4494.5,1.0,0.9962890625,4790.7,967.7,,,
15,guided,inner_selection,5,0.7369652826339006,1.7143399897962808,,0.996875,4514.2,0.5,0.9962890625,4790.7,967.7,,,
15,guided,inner_selection,6,0.710090409219265,1.7042206425219775,,0.99375,4485.7,0.95,0.9962890625,4790.7,967.7,,,
15,guided,inner_selection,7,0.6307535916566849,1.532070815935731,,1.0,4488.9,1.05,0.9962890625,4790.7,967.7,,,
15,guided,inner_selection,8,0.5711524024605751,1.4426014263182878,,0.996875,4486.6,1.55,0.9962890625,4790.7,967.7,,,
15,guided,inner_selection,9,0.5094888359308243,1.4911973789334296,,0.996875,4491.3,1.25,0.9962890625,4790.7,967.7,,,
15,guided,inner_selection,10,0.4723076606169343,1.2605318035930395,,0.996875,4502.35,0.95,0.9962890625,4790.7,967.7,,,
15,guided,inner_selection,11,0.44220994487404824,1.3488908119499683,,0.996875,4489.1,1.0,0.9962890625,4790.7,967.7,,,
15,guided,inner_selection,12,0.41073967879638074,1.2994300451129674,,0.996875,4501.9,1.45,0.9962890625,4790.7,967.7,,,
15,guided,inner_selection,13,0.38161084707826376,1.4058459531515837,,0.996875,4499.55,1.15,0.9962890625,4790.7,967.7,,,
15,guided,outer_refit,1,,,1.0831217348575592,,,,,,,0.996875,4543.8,1.45
15,guided,outer_refit,2,,,0.9785556495189667,,,,,,,0.996875,4514.8,1.15
15,guided,outer_refit,3,,,0.9234135806560516,,,,,,,0.996875,4519.2,1.2
15,guided,outer_refit,4,,,0.9442137524485588,,,,,,,0.996875,4506.6,1.3
15,guided,outer_refit,5,,,0.9351828411221504,,,,,,,0.996875,4543.6,0.85
15,guided,outer_refit,6,,,0.8819872945547104,,,,,,,1.0,4516.7,1.35
15,guided,outer_refit,7,,,0.8892180398106575,,,,,,,0.996875,4529.5,1.45
15,guided,outer_refit,8,,,0.8428938746452331,,,,,,,0.99375,4513.95,0.85
15,guided,outer_refit,9,,,0.8142545223236084,,,,,,,1.0,4520.05,1.4
15,guided,outer_refit,10,,,0.7724822789430619,,,,,,,0.99375,4516.0,1.4
16,vanilla,inner_selection,1,0.7465606097597629,2.462239235639572,,,,,,,,,,
16,vanilla,inner_selection,2,0.1504202407610137,2.294142431020737,,,,,,,,,,
16,vanilla,inner_selection,3,0.09932912039221264,2.23599391579628,,,,,,,,,,
16,vanilla,inner_selection,4,0.08300304543226958,2.210993617773056,,,,,,,,,,
16,vanilla,inner_selection,5,0.07308046008693055,2.173156827688217,,,,,,,,,,
16,vanilla,inner_selection,6,0.07156662952620536,2.2013274163007734,,,,,,,,,,
16,vanilla,inner_selection,7,0.06664628072758205,2.186667376756668,,,,,,,,,,
16,vanilla,inner_selection,8,0.06023885924369097,2.1934721738100054,,,,,,,,,,
16,vanilla,outer_refit,1,,,0.46814716384978966,,,,,,,,,
16,vanilla,outer_refit,2,,,0.13575702196831116,,,,,,,,,
16,vanilla,outer_refit,3,,,0.10174406301230192,,,,,,,,,
16,vanilla,outer_refit,4,,,0.08140338060911745,,,,,,,,,
16,vanilla,outer_refit,5,,,0.07269229263620218,,,,,,,,,
16,guided,inner_selection,1,1.0703529447317124,1.7501889422535897,,0.996875,4530.5,1.3,0.996484375,5044.65,1077.5,,,
16,guided,inner_selection,2,0.9697912350296974,1.7264012902975083,,0.996875,4555.45,1.35,0.996484375,5044.65,1077.5,,,
16,guided,inner_selection,3,0.9033517173702421,1.7103861704468728,,0.99375,4514.2,1.05,0.996484375,5044.65,1077.5,,,
16,guided,inner_selection,4,0.8955246761441231,1.7396484941244126,,0.996875,4547.2,1.25,0.996484375,5044.65,1077.5,,,
16,guided,inner_selection,5,0.8747715339064598,1.7403866827487946,,0.996875,4530.8,1.85,0.996484375,5044.65,1077.5,,,
16,guided,inner_selection,6,0.8545462727546692,1.7483466774225236,,0.996875,4532.65,1.45,0.996484375,5044.65,1077.5,,,
16,guided,outer_refit,1,,,1.0334866970777512,,,,,,,1.0,4526.7,1.0
16,guided,outer_refit,2,,,0.8626303404569626,,,,,,,1.0,4513.95,1.15
16,guided,outer_refit,3,,,0.8321290165185928,,,,,,,0.99375,4518.15,0.95
