method,regime_method,target,horizon,symbol,IC,signal_IC,accuracy,balanced_accuracy,Sharpe,drawdown,turnover,total_return,n_trades,n_test_rows
global_lgbm,none,tb_label_8h,8h,ADAUSDT,0.03118708239539643,0.011249828615828322,0.5749131944444444,0.34165394953319167,0.2857038966159488,-0.5178095040465689,0.018055555555555554,0.4487138273992106,416,11520
global_lgbm,none,tb_label_8h,8h,APTUSDT,-0.007015927440053621,-0.00778381086589618,0.5599826388888889,0.33904300684451355,-0.41905862858060383,-0.7470868034320389,0.015711805555555555,-0.590679341245833,360,11520
global_lgbm,none,tb_label_8h,8h,AVAXUSDT,-0.00766143139961386,-0.007121479136988241,0.5661458333333333,0.34284777138427575,-0.3685872157532496,-0.7018578313809343,0.020746527777777777,-0.5976849881413251,477,11520
global_lgbm,none,tb_label_8h,8h,BCHUSDT,0.011027667404511988,0.021732476513182625,0.5798611111111112,0.34142470205611475,0.5324700837773668,-0.36090834085597145,0.015538194444444445,0.9135583408885113,355,11520
global_lgbm,none,tb_label_8h,8h,BNBUSDT,-0.005192981103250896,0.00621915616956782,0.5591145833333333,0.35549040415886646,-0.11276602851842937,-0.7080878373850372,0.03515625,-0.19827364175619777,803,11520
global_lgbm,none,tb_label_8h,8h,BTCUSDT,0.030854525733574473,0.028901322394505928,0.5840277777777778,0.3593143086801065,0.4820148594197536,-0.4457560211730995,0.030512152777777777,0.5691699447814269,690,11520
global_lgbm,none,tb_label_8h,8h,DOGEUSDT,0.041961753619860535,0.01695221808590641,0.5669270833333333,0.34254147184615286,0.2768969121287351,-0.4328956349280399,0.01875,0.42473426405312487,430,11520
global_lgbm,none,tb_label_8h,8h,DOTUSDT,-0.014416247770826436,0.0027487850243521393,0.5775173611111111,0.3430115887266223,-0.1788363293774086,-0.7165337700715493,0.01918402777777778,-0.37648455976723083,441,11520
global_lgbm,none,tb_label_8h,8h,ETCUSDT,-0.009346394957867142,0.003812871890338032,0.5629340277777778,0.3412139386146537,-0.12833194875404233,-0.6701615803233912,0.026128472222222223,-0.26962632611009063,600,11520
global_lgbm,none,tb_label_8h,8h,ETHUSDT,0.10648978947168668,0.02844646691716995,0.5839409722222222,0.34867607578237186,0.523379864371761,-0.4509305970077484,0.017881944444444443,0.7123995303150412,411,11520
global_lgbm,none,tb_label_8h,8h,ICPUSDT,0.05582754297370664,0.007388780256730027,0.5676215277777777,0.34253052226968,0.07034683438947234,-0.707915896874572,0.016666666666666666,-0.014491611073750077,382,11520
global_lgbm,none,tb_label_8h,8h,LINKUSDT,0.004788086765367725,-0.004570705776564521,0.5732638888888889,0.3395497743768443,-0.27818030458080634,-0.7895187077784186,0.021788194444444443,-0.45628968815938153,499,11520
global_lgbm,none,tb_label_8h,8h,LTCUSDT,0.006347375518435394,0.001329580403436345,0.5769097222222223,0.3415151818588678,-0.15555650027259751,-0.56870797065159,0.019574652777777778,-0.2682537192169826,449,11520
global_lgbm,none,tb_label_8h,8h,NEARUSDT,0.008064039474562357,0.0032201445123422267,0.5589409722222223,0.3412977323945183,-0.07937393111167981,-0.7403903772881215,0.01423611111111111,-0.2505865482691544,328,11520
global_lgbm,none,tb_label_8h,8h,SHIBUSDT,0.027452565041703764,0.020853269035713766,0.5753472222222222,0.34419938505398934,0.39958844220599893,-0.4179989359162644,0.01840277777777778,0.6831454686793201,424,11520
global_lgbm,none,tb_label_8h,8h,SOLUSDT,0.0010254583852938026,-0.003459768809645612,0.5657986111111111,0.34321281164554596,-0.2713345814169373,-0.6868399618861426,0.021267361111111112,-0.405008766503134,486,11520
global_lgbm,none,tb_label_8h,8h,TONUSDT,0.025571743343114177,0.006405533259479346,0.5692708333333333,0.3510352461886041,0.17016834975087697,-0.5921497905315556,0.030208333333333334,0.16114118448723302,691,11520
global_lgbm,none,tb_label_8h,8h,TRXUSDT,-0.0028741168017137873,0.0005215371400865016,0.5126736111111111,0.3550679152403992,-0.563994483701021,-0.7156376844827367,0.05651041666666667,-0.5139378004300734,1292,11520
global_lgbm,none,tb_label_8h,8h,UNIUSDT,0.010847053714791605,0.0034707632703968086,0.5738715277777777,0.3410739115599864,0.04784307063879086,-0.6352577170624826,0.018142361111111113,-0.09182397365802064,416,11520
global_lgbm,none,tb_label_8h,8h,XRPUSDT,0.04171520484576738,0.016491738983940917,0.5739583333333333,0.3547933131233332,0.4131511618893148,-0.5757772857504306,0.031336805555555555,0.9287864727828443,720,11520
regime_lgbm_hmm,hmm,tb_label_8h,8h,ADAUSDT,0.04926175484344102,0.010199651340765985,0.57421875,0.3452354756160582,0.25685337122681895,-0.686851117839171,0.02769097222222222,0.3993892444138263,631,11520
regime_lgbm_hmm,hmm,tb_label_8h,8h,APTUSDT,-0.0008188977791671128,0.00586500053331927,0.5585069444444445,0.342889426060788,-0.08552997417744487,-0.7197008662851847,0.027864583333333335,-0.3591974224774175,628,11520
regime_lgbm_hmm,hmm,tb_label_8h,8h,AVAXUSDT,0.0010019299087098174,0.004883776107182589,0.5637152777777777,0.34903220375377697,0.12490690077698284,-0.7415883981786167,0.03697916666666667,0.020308237681347707,830,11520
regime_lgbm_hmm,hmm,tb_label_8h,8h,BCHUSDT,0.02087250922838733,0.011722223151936703,0.5790798611111111,0.3484456685070756,0.0989004981497881,-0.6022058164590699,0.03125,0.03479571732030351,695,11520
regime_lgbm_hmm,hmm,tb_label_8h,8h,BNBUSDT,0.011820104632572754,0.007379872062203719,0.5566840277777778,0.3630962691297948,-0.14824734087498445,-0.7394159711087962,0.04956597222222222,-0.2787517185923052,1116,11520
regime_lgbm_hmm,hmm,tb_label_8h,8h,BTCUSDT,0.03399380963113335,0.008986538047538708,0.57421875,0.3638104842883647,-0.17779506098179207,-0.6963569036951139,0.052647569444444445,-0.2755020955850095,1154,11520
regime_lgbm_hmm,hmm,tb_label_8h,8h,DOGEUSDT,0.032524424629918156,0.013918665912104479,0.5657986111111111,0.3481015449709653,0.5215757747178023,-0.4928791607917571,0.03333333333333333,1.5718709144802245,754,11520
regime_lgbm_hmm,hmm,tb_label_8h,8h,DOTUSDT,-0.00971691439438015,0.0076310127776600565,0.5774305555555556,0.3496009083504508,-0.0099647992552508,-0.7237668616152506,0.03125,-0.23894095671185367,708,11520
regime_lgbm_hmm,hmm,tb_label_8h,8h,ETCUSDT,0.010164496819379164,0.010202684360306934,0.5640625,0.3508696203278146,0.22387018328695,-0.6240065393107204,0.04131944444444444,0.2943368344456663,927,11520
regime_lgbm_hmm,hmm,tb_label_8h,8h,ETHUSDT,0.11188575531515464,0.04937527290191011,0.5836805555555555,0.3566018102217765,0.8986092942117772,-0.3612706088497173,0.03211805555555555,2.9075696247444482,724,11520
regime_lgbm_hmm,hmm,tb_label_8h,8h,ICPUSDT,0.029857528231273696,0.00393203626803527,0.5651041666666666,0.34596254192411435,-0.007377529759608542,-0.8086971345706419,0.027430555555555555,-0.19720164772470972,619,11520
regime_lgbm_hmm,hmm,tb_label_8h,8h,LINKUSDT,0.010549182989326911,0.009437505297883083,0.5734375,0.3506960291678307,0.1833428400974905,-0.6618014845076908,0.03888888888888889,0.18523522008878635,877,11520
regime_lgbm_hmm,hmm,tb_label_8h,8h,LTCUSDT,0.006088753440669756,0.001328410042105942,0.5747395833333333,0.345382831682137,-0.14310454206508352,-0.7161031178434903,0.033463541666666666,-0.3715115782973325,758,11520
regime_lgbm_hmm,hmm,tb_label_8h,8h,NEARUSDT,0.0242016702784624,-0.0013729066944145089,0.5569444444444445,0.3439928496985982,-0.3023781409773438,-0.7848996130031249,0.025434027777777778,-0.6032674598202323,578,11520
regime_lgbm_hmm,hmm,tb_label_8h,8h,SHIBUSDT,0.03386426213599724,0.02153834301588683,0.5705729166666667,0.3521928806888392,0.672801066972178,-0.5120957708102062,0.04045138888888889,2.409764223096062,910,11520
regime_lgbm_hmm,hmm,tb_label_8h,8h,SOLUSDT,-0.015714103703479424,-0.006298591366393343,0.5667534722222223,0.35167243174756274,-0.450891558945665,-0.8403365121449189,0.03810763888888889,-0.6989369674057836,851,11520
regime_lgbm_hmm,hmm,tb_label_8h,8h,TONUSDT,0.022298126213979776,-0.002040974050017519,0.5672743055555556,0.3551583092814668,-0.34040967608267014,-0.8171196530139057,0.04401041666666667,-0.6149961611129429,991,11520
regime_lgbm_hmm,hmm,tb_label_8h,8h,TRXUSDT,-0.00021782646879890455,0.011929079790309648,0.5089409722222222,0.3661001054806052,-0.344367950435832,-0.747772554328708,0.08090277777777778,-0.44599137860579285,1814,11520
regime_lgbm_hmm,hmm,tb_label_8h,8h,UNIUSDT,0.02461545539254809,0.010380964621016803,0.5751736111111111,0.3502668775720126,0.17040112021938328,-0.7617931611615075,0.032769097222222224,0.12574612781872596,734,11520
regime_lgbm_hmm,hmm,tb_label_8h,8h,XRPUSDT,0.0426659867799721,0.01755480998136616,0.5720486111111112,0.3613988374347328,0.27199630387261836,-0.7048755599052724,0.046440972222222224,0.4667834570217091,1049,11520
regime_lgbm_hmm_guided_gmm,hmm_guided_gmm,tb_label_8h,8h,ADAUSDT,0.03328875558094172,0.025359240326631796,0.5744791666666667,0.34620180594317307,0.6862933143555744,-0.48046955485177073,0.02621527777777778,2.5678941393704044,601,11520
regime_lgbm_hmm_guided_gmm,hmm_guided_gmm,tb_label_8h,8h,APTUSDT,0.00883651976870771,-0.01105879371415072,0.5610243055555556,0.3441185893686087,-0.6058484486337661,-0.8837133091202712,0.023350694444444445,-0.7958544851647091,533,11520
regime_lgbm_hmm_guided_gmm,hmm_guided_gmm,tb_label_8h,8h,AVAXUSDT,-0.0066999212781638255,-0.013895144329185276,0.5639756944444444,0.3477703315145056,-0.3925138302799734,-0.7506890764674625,0.03342013888888889,-0.7251423825760308,755,11520
regime_lgbm_hmm_guided_gmm,hmm_guided_gmm,tb_label_8h,8h,BCHUSDT,0.009783191672964164,0.0077101449110572595,0.57578125,0.3448935002379902,0.06113914623968488,-0.6111904539694095,0.03142361111111111,-0.02947875175056236,694,11520
regime_lgbm_hmm_guided_gmm,hmm_guided_gmm,tb_label_8h,8h,BNBUSDT,0.004681260773721204,0.018099072691483656,0.5579861111111111,0.37138940731987996,0.16468355914695657,-0.6837041147011892,0.06371527777777777,0.15379620783889636,1399,11520
regime_lgbm_hmm_guided_gmm,hmm_guided_gmm,tb_label_8h,8h,BTCUSDT,0.01717338938563165,0.008375281304178153,0.5734375,0.37016069280367975,-0.5818517289939619,-0.7206916806258156,0.060633680555555555,-0.6026784260348342,1313,11520
regime_lgbm_hmm_guided_gmm,hmm_guided_gmm,tb_label_8h,8h,DOGEUSDT,0.03808004029975527,0.013026841048542024,0.5659722222222222,0.34645828720088595,0.23185581257860852,-0.622198032151646,0.028993055555555557,0.33071766187468965,657,11520
regime_lgbm_hmm_guided_gmm,hmm_guided_gmm,tb_label_8h,8h,DOTUSDT,-0.010675329396301968,0.0011199278357236328,0.5778645833333333,0.34836836624485756,-0.19464924015507823,-0.6929853862930062,0.02638888888888889,-0.48129912396043806,603,11520
regime_lgbm_hmm_guided_gmm,hmm_guided_gmm,tb_label_8h,8h,ETCUSDT,-0.006446904867566345,0.003386033489465446,0.5597222222222222,0.3450832386858656,-0.2315199551389871,-0.8260273195012059,0.04071180555555556,-0.45334862155663835,909,11520
regime_lgbm_hmm_guided_gmm,hmm_guided_gmm,tb_label_8h,8h,ETHUSDT,0.09678655704817885,0.031693598784603705,0.5829861111111111,0.3555686258530508,0.5242817286164716,-0.3836250658665067,0.031510416666666666,1.0725918933749563,699,11520
regime_lgbm_hmm_guided_gmm,hmm_guided_gmm,tb_label_8h,8h,ICPUSDT,0.03914687579292937,0.016347123588046335,0.5669270833333333,0.34740895380278697,0.4525353941491101,-0.6989004451272942,0.025347222222222222,1.1927746127598113,575,11520
regime_lgbm_hmm_guided_gmm,hmm_guided_gmm,tb_label_8h,8h,LINKUSDT,0.002642063044857892,-0.0024688699709601155,0.5689236111111111,0.34536169598062355,-0.2675657689749594,-0.8428615967497797,0.03732638888888889,-0.5829875290828492,848,11520
regime_lgbm_hmm_guided_gmm,hmm_guided_gmm,tb_label_8h,8h,LTCUSDT,0.014977171246289925,-0.0022496643407176643,0.5756076388888889,0.3467289767716346,-0.1831808642604331,-0.6417859752560744,0.03224826388888889,-0.36394152479168496,725,11520
regime_lgbm_hmm_guided_gmm,hmm_guided_gmm,tb_label_8h,8h,NEARUSDT,0.018071242914142582,0.0012188344856272086,0.5565972222222222,0.34328823187696345,-0.23815401912376485,-0.7471407173580573,0.023177083333333334,-0.5307863370370517,534,11520
regime_lgbm_hmm_guided_gmm,hmm_guided_gmm,tb_label_8h,8h,SHIBUSDT,0.0185947983465837,0.017098595708865568,0.5764756944444445,0.35893055621731,0.45830996001656626,-0.5564441869799716,0.037022569444444445,1.2889009026696558,823,11520
regime_lgbm_hmm_guided_gmm,hmm_guided_gmm,tb_label_8h,8h,SOLUSDT,-0.008706226577934306,-0.00783172709140593,0.56171875,0.3460605845360858,-0.4915502534547744,-0.80928312929817,0.03333333333333333,-0.6809315700893686,758,11520
regime_lgbm_hmm_guided_gmm,hmm_guided_gmm,tb_label_8h,8h,TONUSDT,0.015094017039484611,-0.0046778269215360145,0.5641493055555555,0.3555880640516426,-0.5162811022431724,-0.9133891887265219,0.04670138888888889,-0.7164726464313349,1037,11520
regime_lgbm_hmm_guided_gmm,hmm_guided_gmm,tb_label_8h,8h,TRXUSDT,0.00820522525775522,0.0033905776392931302,0.50234375,0.3699653598063397,-0.4866772992744051,-0.819611341607746,0.09696180555555556,-0.614968556399778,2127,11520
regime_lgbm_hmm_guided_gmm,hmm_guided_gmm,tb_label_8h,8h,UNIUSDT,0.020642632890578657,-0.007132149109434023,0.5722222222222222,0.34491656480038163,-0.31732987802669715,-0.8655660612713999,0.030078125,-0.6697064708713331,681,11520
regime_lgbm_hmm_guided_gmm,hmm_guided_gmm,tb_label_8h,8h,XRPUSDT,0.03236361658499774,0.02099840482613729,0.5736111111111111,0.3634261888984846,0.48467068661882967,-0.5689074089623908,0.04453125,1.4634571518050268,1004,11520
regime_lgbm_hmm_guided_hmm,hmm_guided_hmm,tb_label_8h,8h,ADAUSDT,0.04616137826401819,0.015058814300507968,0.5735243055555556,0.347454205702776,0.6362553027382011,-0.5782790484941414,0.028125,2.267656323316162,635,11520
regime_lgbm_hmm_guided_hmm,hmm_guided_hmm,tb_label_8h,8h,APTUSDT,0.007109346310314814,0.0021689773427502035,0.5567708333333333,0.34268474941434984,0.013557072152169166,-0.6622714283727539,0.02621527777777778,-0.16499840472486405,594,11520
regime_lgbm_hmm_guided_hmm,hmm_guided_hmm,tb_label_8h,8h,AVAXUSDT,0.0035127228665912773,0.00898946137372499,0.565625,0.35278187904046887,0.23025534418998764,-0.5585358026746976,0.040364583333333336,0.3275299393726847,905,11520
regime_lgbm_hmm_guided_hmm,hmm_guided_hmm,tb_label_8h,8h,BCHUSDT,0.02247144687577924,0.009267111060760867,0.5794270833333334,0.3503516101116834,-0.013571532936449068,-0.7485008927234258,0.03315972222222222,-0.18890983285190732,743,11520
regime_lgbm_hmm_guided_hmm,hmm_guided_hmm,tb_label_8h,8h,BNBUSDT,0.008095391389041718,0.010648990444900973,0.5572048611111111,0.3675280501396862,-0.09631212132678661,-0.7992928163285338,0.05703125,-0.2363925461807307,1276,11520
regime_lgbm_hmm_guided_hmm,hmm_guided_hmm,tb_label_8h,8h,BTCUSDT,0.018687444485180237,0.012945853124660083,0.5734375,0.370545822228014,-0.35161437677195206,-0.6058124295159873,0.06115451388888889,-0.4599050952380572,1321,11520
regime_lgbm_hmm_guided_hmm,hmm_guided_hmm,tb_label_8h,8h,DOGEUSDT,0.04434536367240294,0.02052717472916438,0.5662326388888889,0.3507702117782912,0.5765170692281534,-0.645498673905013,0.03350694444444444,2.0718602036960188,750,11520
regime_lgbm_hmm_guided_hmm,hmm_guided_hmm,tb_label_8h,8h,DOTUSDT,-0.004908779075818211,0.01677887581927366,0.5769097222222223,0.34958393631497,0.22201891772593146,-0.7274124573256711,0.03203125,0.30023465717489817,726,11520
regime_lgbm_hmm_guided_hmm,hmm_guided_hmm,tb_label_8h,8h,ETCUSDT,0.0013522965360642587,0.01081559764399798,0.5619791666666667,0.3510813516040921,0.18834007416292842,-0.6657782683311776,0.045572916666666664,0.19882235375608426,1011,11520
regime_lgbm_hmm_guided_hmm,hmm_guided_hmm,tb_label_8h,8h,ETHUSDT,0.09624938542165964,0.043338061773505424,0.5854166666666667,0.3597837540354183,0.7131677704307349,-0.4291715426638818,0.034027777777777775,2.1746755748701316,759,11520
regime_lgbm_hmm_guided_hmm,hmm_guided_hmm,tb_label_8h,8h,ICPUSDT,0.044559339465185595,0.0068845539075761625,0.5677083333333334,0.35008363015596505,-0.045067582676193006,-0.8405568598227546,0.028993055555555557,-0.2972268986495965,661,11520
regime_lgbm_hmm_guided_hmm,hmm_guided_hmm,tb_label_8h,8h,LINKUSDT,0.0032724728697112815,0.0038967207928058615,0.57265625,0.3518942870647533,0.017370179933282826,-0.8045434320642171,0.041493055555555554,-0.2199190257002187,928,11520
regime_lgbm_hmm_guided_hmm,hmm_guided_hmm,tb_label_8h,8h,LTCUSDT,0.0321658965055383,0.01388540508470412,0.5743923611111111,0.34835351683164656,0.14609406622839852,-0.5369105654700608,0.03641493055555556,0.11309917570295114,819,11520
regime_lgbm_hmm_guided_hmm,hmm_guided_hmm,tb_label_8h,8h,NEARUSDT,0.019125920715243022,0.01326925097720774,0.5594618055555556,0.3482750365873098,0.19981482570001408,-0.7667477586067698,0.025868055555555554,0.2367430279794165,587,11520
regime_lgbm_hmm_guided_hmm,hmm_guided_hmm,tb_label_8h,8h,SHIBUSDT,0.037729433641053,0.02182826888452632,0.5710069444444444,0.3604187817280811,0.33664672050874006,-0.6633438351271335,0.04691840277777778,0.739929886925963,1032,11520
regime_lgbm_hmm_guided_hmm,hmm_guided_hmm,tb_label_8h,8h,SOLUSDT,-0.01009667153096316,-0.006801099401216976,0.5657986111111111,0.35244820826721807,-0.5309457101447385,-0.8394984369179636,0.03975694444444444,-0.7239874456946513,891,11520
regime_lgbm_hmm_guided_hmm,hmm_guided_hmm,tb_label_8h,8h,TONUSDT,0.01777090891938566,-0.0029665117703329396,0.5637152777777777,0.35806971003668786,-0.7068900029462882,-0.9002321577453458,0.051909722222222225,-0.8018716960623083,1146,11520
regime_lgbm_hmm_guided_hmm,hmm_guided_hmm,tb_label_8h,8h,TRXUSDT,0.012502375147882194,0.007789054436932622,0.5020833333333333,0.3673192171512993,-0.37293464487456,-0.8106078501667575,0.09444444444444444,-0.5068725201337698,2073,11520
regime_lgbm_hmm_guided_hmm,hmm_guided_hmm,tb_label_8h,8h,UNIUSDT,0.022372320422791383,0.0056138805460303354,0.5735243055555556,0.35072090056463695,0.247445206635107,-0.8017071410132851,0.03268229166666667,0.38762775810312156,735,11520
regime_lgbm_hmm_guided_hmm,hmm_guided_hmm,tb_label_8h,8h,XRPUSDT,0.038388966075991154,0.011745712808497486,0.5712673611111111,0.36298056878116963,0.237609092270138,-0.7316473821675938,0.04921875,0.34901988462096467,1097,11520
regime_lgbm_kmeans,kmeans,tb_label_8h,8h,ADAUSDT,0.04493044312622698,0.009988205963896695,0.5727430555555556,0.34511785003600554,0.07339257128197921,-0.7195898395312236,0.028819444444444446,-0.07643625075685645,656,11520
regime_lgbm_kmeans,kmeans,tb_label_8h,8h,APTUSDT,0.004785754870699068,0.0009383155719766036,0.5576388888888889,0.3422643889410368,-0.24282088203045496,-0.7798346141152194,0.027256944444444445,-0.5131726022468126,616,11520
regime_lgbm_kmeans,kmeans,tb_label_8h,8h,AVAXUSDT,0.00910181568575167,0.0017640236192637052,0.5665798611111111,0.3496312922047387,0.01114240904139812,-0.5378190071831802,0.03446180555555556,-0.20847463695543889,776,11520
regime_lgbm_kmeans,kmeans,tb_label_8h,8h,BCHUSDT,0.028890261166489756,0.021564562282811717,0.5795138888888889,0.34924421369270475,0.32161096740282524,-0.5491896395609223,0.03185763888888889,0.5314653748749734,715,11520
regime_lgbm_kmeans,kmeans,tb_label_8h,8h,BNBUSDT,0.004434124555001354,0.01705060312541346,0.5559027777777777,0.3609098721751131,0.30974843485455367,-0.641478406892581,0.053559027777777775,0.4480938160671404,1178,11520
regime_lgbm_kmeans,kmeans,tb_label_8h,8h,BTCUSDT,0.0008342228408216598,-0.015095557660002002,0.5693576388888889,0.3642634850593127,-1.3747742273103474,-0.8925107451941405,0.06002604166666667,-0.886199399444638,1289,11520
regime_lgbm_kmeans,kmeans,tb_label_8h,8h,DOGEUSDT,0.04107193674700022,0.03649164485904101,0.5688368055555556,0.35222536636676255,0.7753408112272735,-0.4504605161910323,0.03107638888888889,4.047586978742175,705,11520
regime_lgbm_kmeans,kmeans,tb_label_8h,8h,DOTUSDT,-0.0010201927507312773,-0.0029994272911559685,0.5767361111111111,0.34779609735232375,-0.3094707994887402,-0.8246970464501343,0.029861111111111113,-0.5730152426988286,680,11520
regime_lgbm_kmeans,kmeans,tb_label_8h,8h,ETCUSDT,0.025660329707454115,0.02690964111509323,0.5649305555555556,0.35002780026881597,0.7843350728270283,-0.5736607773713376,0.03888888888888889,3.365892013479053,879,11520
regime_lgbm_kmeans,kmeans,tb_label_8h,8h,ETHUSDT,0.09735990882135204,0.025875143533636572,0.5848090277777778,0.355353916791749,0.2128316534689179,-0.5593671602747323,0.030555555555555555,0.2447975947687273,686,11520
regime_lgbm_kmeans,kmeans,tb_label_8h,8h,ICPUSDT,0.04582152093976233,0.007596823141987372,0.5666666666666667,0.3457117360683552,0.14224727514459545,-0.7670022328851178,0.02456597222222222,0.10116281192306964,557,11520
regime_lgbm_kmeans,kmeans,tb_label_8h,8h,LINKUSDT,0.013517023711944949,0.007777481213303988,0.5736111111111111,0.3465842044858543,0.11426636305966822,-0.729229269979699,0.03550347222222222,0.025246941980584525,801,11520
regime_lgbm_kmeans,kmeans,tb_label_8h,8h,LTCUSDT,0.010275989337793688,0.002364633894017246,0.5734375,0.34204370448041294,-0.1061402962540815,-0.6387363255805832,0.029730902777777776,-0.2981881361692721,672,11520
regime_lgbm_kmeans,kmeans,tb_label_8h,8h,NEARUSDT,0.024824047673619502,0.01068567434760417,0.5574652777777778,0.3446800375937924,0.1308125668330212,-0.7003399554676856,0.025607638888888888,0.06194740144933286,582,11520
regime_lgbm_kmeans,kmeans,tb_label_8h,8h,SHIBUSDT,0.031475921257726955,0.024211943805739242,0.5730034722222223,0.35212007227743486,0.38783343553403293,-0.6924104287196876,0.03802083333333333,0.9089630264283852,849,11520
regime_lgbm_kmeans,kmeans,tb_label_8h,8h,SOLUSDT,-0.004131126310179859,-0.007568980108016269,0.5627604166666667,0.34556653876332466,-0.43397570600838925,-0.854851347542064,0.03454861111111111,-0.6460472393758819,774,11520
regime_lgbm_kmeans,kmeans,tb_label_8h,8h,TONUSDT,0.02334834708980851,0.0048708643665269,0.5666666666666667,0.355543739567278,0.10179727754366903,-0.6772593758412717,0.04314236111111111,0.004873989850614713,977,11520
regime_lgbm_kmeans,kmeans,tb_label_8h,8h,TRXUSDT,0.0031170572221354853,0.013890904656068653,0.5083333333333333,0.3645752740334241,-0.32239641342775227,-0.8033241648756531,0.08550347222222222,-0.4457345982432289,1912,11520
regime_lgbm_kmeans,kmeans,tb_label_8h,8h,UNIUSDT,0.019212373190695017,0.00266307643559159,0.5721354166666667,0.34460687228049586,-0.09403946083318658,-0.7317194770513088,0.03042534722222222,-0.42846707361487013,689,11520
regime_lgbm_kmeans,kmeans,tb_label_8h,8h,XRPUSDT,0.027006214332525178,0.009197675380031746,0.5699652777777777,0.3579636012274805,0.18143007600648361,-0.7588750123342191,0.0421875,0.18301251555134246,954,11520
regime_lgbm_vol_bucket,vol_bucket,tb_label_8h,8h,ADAUSDT,0.04629216569651128,0.02174037256738214,0.5732638888888889,0.3515191628417514,0.5387963315971063,-0.5836637985540978,0.03394097222222222,1.8137908917682042,771,11520
regime_lgbm_vol_bucket,vol_bucket,tb_label_8h,8h,APTUSDT,0.0005522303343917661,-0.001008864316291509,0.5522569444444444,0.34740211057570414,-0.25728354976516477,-0.8049048012601686,0.04097222222222222,-0.6478149593979663,929,11520
regime_lgbm_vol_bucket,vol_bucket,tb_label_8h,8h,AVAXUSDT,0.01585894444956251,0.010117393574610457,0.5615451388888889,0.3558717789000542,0.2502753743544981,-0.6583232252890487,0.04869791666666667,0.3799749047224015,1095,11520
regime_lgbm_vol_bucket,vol_bucket,tb_label_8h,8h,BCHUSDT,0.01699893640050765,0.023327712631131464,0.5763888888888888,0.3551677729708762,0.29686092563969296,-0.7330494041896213,0.04088541666666667,0.49444347282294654,918,11520
regime_lgbm_vol_bucket,vol_bucket,tb_label_8h,8h,BNBUSDT,0.008518347415615043,0.012444655956807394,0.5584201388888889,0.36429094977070603,-0.05015577815369799,-0.7362052169534575,0.050347222222222224,-0.16200326800714382,1120,11520
regime_lgbm_vol_bucket,vol_bucket,tb_label_8h,8h,BTCUSDT,0.022852488037068207,0.00531716575703569,0.5722222222222222,0.36733344593676837,-0.4623682952985459,-0.8437181007020819,0.05542534722222222,-0.5705868639575533,1234,11520
regime_lgbm_vol_bucket,vol_bucket,tb_label_8h,8h,DOGEUSDT,0.024062152304289285,0.006730747720550723,0.5630208333333333,0.3531923690387941,0.06889271085183153,-0.7195274317738746,0.04592013888888889,-0.14834337291761301,1031,11520
regime_lgbm_vol_bucket,vol_bucket,tb_label_8h,8h,DOTUSDT,-0.03151961117165048,0.005241201468657918,0.5796006944444444,0.35539726776372094,-0.1519286264970018,-0.7095316372519749,0.03619791666666667,-0.43643688543646497,818,11520
regime_lgbm_vol_bucket,vol_bucket,tb_label_8h,8h,ETCUSDT,-0.0011602630514043802,0.008143782031236639,0.5668402777777778,0.3505063602449798,0.1278907341055341,-0.7121174266923669,0.03802083333333333,0.06948945046844313,851,11520
regime_lgbm_vol_bucket,vol_bucket,tb_label_8h,8h,ETHUSDT,0.0843853769203032,0.02993666211000678,0.5835069444444444,0.3600127903881594,0.530140190694984,-0.40109669749206894,0.037934027777777775,1.2414815858923216,851,11520
regime_lgbm_vol_bucket,vol_bucket,tb_label_8h,8h,ICPUSDT,0.024896850146163045,0.0015269904902396152,0.5657118055555556,0.3532544318002895,-0.12120615177636208,-0.8793157778502957,0.03576388888888889,-0.43075305104820427,805,11520
regime_lgbm_vol_bucket,vol_bucket,tb_label_8h,8h,LINKUSDT,0.015399308981379907,0.007194185659824115,0.5712673611111111,0.3544602107296894,0.145200349870305,-0.7926665270801748,0.04609375,0.07243297853466113,1032,11520
regime_lgbm_vol_bucket,vol_bucket,tb_label_8h,8h,LTCUSDT,0.009626110647525303,0.011065193274313379,0.5745659722222223,0.3471179099604625,0.15804561502314252,-0.571200906448795,0.03407118055555555,0.14347516392980975,768,11520
regime_lgbm_vol_bucket,vol_bucket,tb_label_8h,8h,NEARUSDT,0.018069868647716557,0.003592152223041843,0.5517361111111111,0.34993876610294733,-0.2950750973902673,-0.8833008330339306,0.04331597222222222,-0.691451351671306,976,11520
regime_lgbm_vol_bucket,vol_bucket,tb_label_8h,8h,SHIBUSDT,0.022549148084371497,0.016666158704451355,0.5680555555555555,0.3582477032587587,0.2041874177982654,-0.702672906401573,0.04782986111111111,0.23951962890814538,1074,11520
regime_lgbm_vol_bucket,vol_bucket,tb_label_8h,8h,SOLUSDT,-0.007955770711079387,0.0031229636315130847,0.5636284722222222,0.3572436998206375,-0.15686412509372086,-0.8265573781113201,0.04756944444444444,-0.4742818039118436,1066,11520
regime_lgbm_vol_bucket,vol_bucket,tb_label_8h,8h,TONUSDT,0.012086204019575468,-0.006887127169746647,0.5663194444444445,0.3529595128507246,-0.6319516752966888,-0.8388037469129992,0.038975694444444445,-0.7369506464966938,879,11520
regime_lgbm_vol_bucket,vol_bucket,tb_label_8h,8h,TRXUSDT,-0.003827905032567792,0.005587873434248675,0.5013020833333334,0.3598257848834368,-0.1889764655525064,-0.6117267084258178,0.07230902777777778,-0.266440610808363,1602,11520
regime_lgbm_vol_bucket,vol_bucket,tb_label_8h,8h,UNIUSDT,0.010025979303238662,0.0013815349066589352,0.5684895833333333,0.35041769607695555,-0.0921726173090748,-0.8388983835781066,0.04301215277777778,-0.4824295004159227,969,11520
regime_lgbm_vol_bucket,vol_bucket,tb_label_8h,8h,XRPUSDT,0.02890520672480109,0.015702772733307172,0.5731770833333333,0.36046607159346583,0.3280778439802985,-0.5458588066260142,0.04192708333333333,0.6622038498577667,950,11520
