benchmark,method,threshold,transaction_cost_bps,Sharpe,drawdown,turnover,total_return,n_trades,n_return_observations,rebalance_offset_utc,signal_IC,n_test_rows
phase41b_classical_candidates,global_lgbm,0.0,5.0,0.17688464638053383,-0.040258812234853496,0.04842013888888889,0.011758396266861482,2708,1440,0,0.007314174928085595,230400
phase41b_classical_candidates,regime_lgbm_hmm,0.0,5.0,-0.07674264325415077,-0.05792229090284123,0.06286458333333333,-0.009754212764389036,3462,1440,0,0.004262867686569757,230400
phase41b_classical_candidates,regime_lgbm_kmeans,0.0,5.0,0.017925267313038652,-0.04344544844332398,0.06078125,-0.0010319981781223841,3365,1440,0,0.0037725633080310014,230400
phase41b_classical_candidates,regime_lgbm_vol_bucket,0.0,5.0,0.16533498157111556,-0.048214111825452405,0.07032986111111111,0.011771364768343062,3850,1440,0,0.004350688866324459,230400
phase39r_repaired_neural,global_lgbm,0.0,5.0,0.17215018891197995,-0.052673572939420876,0.05588541666666667,0.012078797787896889,3121,1440,0,0.007423475157466018,230400
phase39r_repaired_neural,regime_lgbm_contrastive,0.0,5.0,-0.8282472990772762,-0.08833030341189886,0.06958333333333333,-0.06742475817795468,3805,1440,0,0.004979329379025754,230400
phase39r_repaired_neural,regime_lgbm_contrastive_hmm,0.0,5.0,-0.5719398588946373,-0.09485411537612218,0.07381944444444444,-0.04643066182413924,4034,1440,0,-0.0014676347760721146,230400
phase39r_repaired_neural,regime_lgbm_hmm,0.0,5.0,-0.021439048410932138,-0.07694781108496773,0.07809027777777777,-0.005717423521088949,4271,1440,0,0.004855560671314941,230400
phase39r_repaired_neural,regime_lgbm_hmm_guided_gmm,0.0,5.0,-0.34832584071959743,-0.07228029225546934,0.08126736111111112,-0.03369162678462845,4417,1440,0,0.0006804650908231923,230400
phase39r_repaired_neural,regime_lgbm_hmm_guided_hmm,0.0,5.0,0.08016807315205601,-0.07247316446830401,0.08234375,0.004112059691152359,4482,1440,0,0.001039971174549549,230400
phase39r_repaired_neural,regime_lgbm_kmeans,0.0,5.0,-0.0016661632808435438,-0.05202306197938765,0.07506944444444444,-0.0028619050147216107,4110,1440,0,0.003902107934437791,230400
phase39r_repaired_neural,regime_lgbm_vol_bucket,0.0,5.0,-0.191676692199256,-0.06671262156430516,0.08850694444444444,-0.020956807855779136,4796,1440,0,0.0036178056584467142,230400
phase41b_classical_candidates,global_lgbm,0.0,10.0,-0.2605315342620962,-0.0511489844858179,0.04842013888888889,-0.022905977992834337,2708,1440,0,0.007314174928085595,230400
phase41b_classical_candidates,regime_lgbm_hmm,0.0,10.0,-0.5863204755053719,-0.09541125875034544,0.06286458333333333,-0.053579561836707645,3462,1440,0,0.004262867686569757,230400
phase41b_classical_candidates,regime_lgbm_kmeans,0.0,10.0,-0.523112136706594,-0.06360195161821268,0.06078125,-0.04380156433485516,3365,1440,0,0.0037725633080310014,230400
phase41b_classical_candidates,regime_lgbm_vol_bucket,0.0,10.0,-0.40428138931325586,-0.0724570530260794,0.07032986111111111,-0.0381865738784295,3850,1440,0,0.004350688866324459,230400
phase39r_repaired_neural,global_lgbm,0.0,10.0,-0.29530955136493675,-0.06328239442200452,0.05588541666666667,-0.027836689799519143,3121,1440,0,0.007423475157466018,230400
phase39r_repaired_neural,regime_lgbm_contrastive,0.0,10.0,-1.4455209793989372,-0.13043884353703267,0.06958333333333333,-0.11299689036541871,3805,1440,0,0.004979329379025754,230400
phase39r_repaired_neural,regime_lgbm_contrastive_hmm,0.0,10.0,-1.2450706467283927,-0.12879831389605745,0.07381944444444444,-0.09579210833325025,4034,1440,0,-0.0014676347760721146,230400
phase39r_repaired_neural,regime_lgbm_hmm,0.0,10.0,-0.5956838545255877,-0.10819441159735058,0.07809027777777777,-0.060080907571667064,4271,1440,0,0.004855560671314941,230400
phase39r_repaired_neural,regime_lgbm_hmm_guided_gmm,0.0,10.0,-1.002246078341607,-0.1023981936436305,0.08126736111111112,-0.08860659427064699,4417,1440,0,0.0006804650908231923,230400
phase39r_repaired_neural,regime_lgbm_hmm_guided_hmm,0.0,10.0,-0.6024556405139526,-0.09977017015886071,0.08234375,-0.05368827650981123,4482,1440,0,0.001039971174549549,230400
phase39r_repaired_neural,regime_lgbm_kmeans,0.0,10.0,-0.6394483799662647,-0.0768857386653793,0.07506944444444444,-0.05532150771584354,4110,1440,0,0.003902107934437791,230400
phase39r_repaired_neural,regime_lgbm_vol_bucket,0.0,10.0,-0.8750332551706879,-0.11914288338976214,0.08850694444444444,-0.08140149297627997,4796,1440,0,0.0036178056584467142,230400
phase41b_classical_candidates,global_lgbm,0.0,20.0,-1.1344634075911713,-0.10389772765003993,0.04842013888888889,-0.08872009104599732,2708,1440,0,0.007314174928085595,230400
phase41b_classical_candidates,regime_lgbm_hmm,0.0,20.0,-1.6023948353573156,-0.16694451656716805,0.06286458333333333,-0.13550728319302296,3462,1440,0,0.004262867686569757,230400
phase41b_classical_candidates,regime_lgbm_kmeans,0.0,20.0,-1.6070953900882388,-0.13544280574512177,0.06078125,-0.12393524646938914,3365,1440,0,0.0037725633080310014,230400
phase41b_classical_candidates,regime_lgbm_vol_bucket,0.0,20.0,-1.54190339618465,-0.15077945014354477,0.07032986111111111,-0.1308360646968163,3850,1440,0,0.004350688866324459,230400
phase39r_repaired_neural,global_lgbm,0.0,20.0,-1.2289661675130934,-0.11823083401661331,0.05588541666666667,-0.1030159684589016,3121,1440,0,0.007423475157466018,230400
phase39r_repaired_neural,regime_lgbm_contrastive,0.0,20.0,-2.677935474551341,-0.2089203729619366,0.06958333333333333,-0.197579073400184,3805,1440,0,0.004979329379025754,230400
phase39r_repaired_neural,regime_lgbm_contrastive_hmm,0.0,20.0,-2.5874619145085718,-0.20114799393646499,0.07381944444444444,-0.18699257228110566,4034,1440,0,-0.0014676347760721146,230400
phase39r_repaired_neural,regime_lgbm_hmm,0.0,20.0,-1.7417276935093855,-0.19380891833822822,0.07809027777777777,-0.16006615824015247,4271,1440,0,0.004855560671314941,230400
phase39r_repaired_neural,regime_lgbm_hmm_guided_gmm,0.0,20.0,-2.3114467408803305,-0.19785712527940078,0.08126736111111112,-0.1892643008297069,4417,1440,0,0.0006804650908231923,230400
phase39r_repaired_neural,regime_lgbm_hmm_guided_hmm,0.0,20.0,-1.966249112707428,-0.19159892767694706,0.08234375,-0.15951234134996017,4482,1440,0,0.001039971174549549,230400
phase39r_repaired_neural,regime_lgbm_kmeans,0.0,20.0,-1.9169665195492347,-0.16325580114829397,0.07506944444444444,-0.15211844258960405,4110,1440,0,0.003902107934437791,230400
phase39r_repaired_neural,regime_lgbm_vol_bucket,0.0,20.0,-2.239033525008631,-0.21545474778853876,0.08850694444444444,-0.191341146887406,4796,1440,0,0.0036178056584467142,230400
phase41b_classical_candidates,global_lgbm,0.0,40.0,-2.8641142772939103,-0.21392651365758747,0.04842013888888889,-0.20737437173928497,2708,1440,0,0.007314174928085595,230400
phase41b_classical_candidates,regime_lgbm_hmm,0.0,40.0,-3.605611642062181,-0.29555288082143466,0.06286458333333333,-0.2787333650287924,3462,1440,0,0.004262867686569757,230400
phase41b_classical_candidates,regime_lgbm_kmeans,0.0,40.0,-3.7616881278901975,-0.266391712256358,0.06078125,-0.26465073896002456,3365,1440,0,0.0037725633080310014,230400
phase41b_classical_candidates,regime_lgbm_vol_bucket,0.0,40.0,-3.7883909659533472,-0.2934051862785482,0.07032986111111111,-0.2902600569717434,3850,1440,0,0.004350688866324459,230400
phase39r_repaired_neural,global_lgbm,0.0,40.0,-3.076242884624184,-0.24272529271336718,0.05588541666666667,-0.23641319665683935,3121,1440,0,0.007423475157466018,230400
phase39r_repaired_neural,regime_lgbm_contrastive,0.0,40.0,-5.109658234073962,-0.34530397455420914,0.06958333333333333,-0.34334875509638474,3805,1440,0,0.004979329379025754,230400
phase39r_repaired_neural,regime_lgbm_contrastive_hmm,0.0,40.0,-5.227812534994826,-0.34294889495956105,0.07381944444444444,-0.342760431747954,4034,1440,0,-0.0014676347760721146,230400
phase39r_repaired_neural,regime_lgbm_hmm,0.0,40.0,-4.0050916578056,-0.34494143422942064,0.07809027777777777,-0.32930112909916287,4271,1440,0,0.004855560671314941,230400
phase39r_repaired_neural,regime_lgbm_hmm_guided_gmm,0.0,40.0,-4.909250119021854,-0.36176591909836714,0.08126736111111112,-0.3584970516297107,4417,1440,0,0.0006804650908231923,230400
phase39r_repaired_neural,regime_lgbm_hmm_guided_hmm,0.0,40.0,-4.6595120634397516,-0.3517999147169038,0.08234375,-0.3370240879433589,4482,1440,0,0.001039971174549549,230400
phase39r_repaired_neural,regime_lgbm_kmeans,0.0,40.0,-4.4524595523511,-0.31863008240531454,0.07506944444444444,-0.31701307936530543,4110,1440,0,0.003902107934437791,230400
phase39r_repaired_neural,regime_lgbm_vol_bucket,0.0,40.0,-4.9269759964523345,-0.3791261589162114,0.08850694444444444,-0.37336893562976714,4796,1440,0,0.0036178056584467142,230400
phase41b_classical_candidates,global_lgbm,0.025,5.0,0.2971586290150823,-0.042466285125207844,0.04262152777777778,0.020656064059980217,2404,1440,0,0.006398383264279498,230400
phase41b_classical_candidates,regime_lgbm_hmm,0.025,5.0,0.06573522440524283,-0.055890839167226314,0.05663194444444444,0.0028546316370563485,3154,1440,0,0.004166980217117804,230400
phase41b_classical_candidates,regime_lgbm_kmeans,0.025,5.0,0.2820877243389026,-0.03852569070875686,0.054461805555555555,0.020108524328715127,3051,1440,0,0.00416255457578596,230400
phase41b_classical_candidates,regime_lgbm_vol_bucket,0.025,5.0,0.3176427656328572,-0.041486490089481076,0.06277777777777778,0.02415343772255074,3488,1440,0,0.005312790012927544,230400
phase39r_repaired_neural,global_lgbm,0.025,5.0,0.30895184793015906,-0.05416822480550523,0.04918402777777778,0.02315961109132103,2778,1440,0,0.006878063831060766,230400
phase39r_repaired_neural,regime_lgbm_contrastive,0.025,5.0,-0.8181428629562775,-0.08604257384785692,0.06263888888888888,-0.0641420327593123,3470,1440,0,0.004103650933278804,230400
phase39r_repaired_neural,regime_lgbm_contrastive_hmm,0.025,5.0,-0.6206630353531495,-0.09428089058056983,0.06717013888888888,-0.048504980322152,3717,1440,0,-0.0015439876361880483,230400
phase39r_repaired_neural,regime_lgbm_hmm,0.025,5.0,0.2617029556635645,-0.06867577366479684,0.07046875,0.021407923936988205,3898,1440,0,0.005324208445539323,230400
phase39r_repaired_neural,regime_lgbm_hmm_guided_gmm,0.025,5.0,-0.25619859227066955,-0.06607941502006298,0.07432291666666667,-0.02501856170422634,4095,1440,0,0.0010955945773459845,230400
phase39r_repaired_neural,regime_lgbm_hmm_guided_hmm,0.025,5.0,0.11782145695060385,-0.0710331094398088,0.07515625,0.007336213220314747,4144,1440,0,0.00018225676113717485,230400
phase39r_repaired_neural,regime_lgbm_kmeans,0.025,5.0,0.3285931213906116,-0.03967513215359183,0.06767361111111111,0.02489185021648499,3758,1440,0,0.003790639526610315,230400
phase39r_repaired_neural,regime_lgbm_vol_bucket,0.025,5.0,-0.1915480403365168,-0.065983072636925,0.08125,-0.020469656644945156,4459,1440,0,0.003559981600306569,230400
phase41b_classical_candidates,global_lgbm,0.025,10.0,-0.1055642965036889,-0.05191443983691886,0.04262152777777778,-0.01018678780256388,2404,1440,0,0.006398383264279498,230400
phase41b_classical_candidates,regime_lgbm_hmm,0.025,10.0,-0.4072979926966467,-0.07956209255541735,0.05663194444444444,-0.03721552857455179,3154,1440,0,0.004166980217117804,230400
phase41b_classical_candidates,regime_lgbm_kmeans,0.025,10.0,-0.2148815988202299,-0.05161455983514246,0.054461805555555555,-0.019113193393062278,3051,1440,0,0.00416255457578596,230400
phase41b_classical_candidates,regime_lgbm_vol_bucket,0.025,10.0,-0.22412653397526816,-0.057525777183368716,0.06277777777777778,-0.021104819971260014,3488,1440,0,0.005312790012927544,230400
phase39r_repaired_neural,global_lgbm,0.025,10.0,-0.12059448204093338,-0.06380675560369796,0.04918402777777778,-0.012436991257545604,2778,1440,0,0.006878063831060766,230400
phase39r_repaired_neural,regime_lgbm_contrastive,0.025,10.0,-1.3953653538542614,-0.12241676878148025,0.06263888888888888,-0.10541316175768778,3470,1440,0,0.004103650933278804,230400
phase39r_repaired_neural,regime_lgbm_contrastive_hmm,0.025,10.0,-1.252471967656759,-0.12607275099180013,0.06717013888888888,-0.09343015583897896,3717,1440,0,-0.0015439876361880483,230400
phase39r_repaired_neural,regime_lgbm_hmm,0.025,10.0,-0.2802003179833841,-0.08507911173812416,0.07046875,-0.029121977706171198,3898,1440,0,0.005324208445539323,230400
phase39r_repaired_neural,regime_lgbm_hmm_guided_gmm,0.025,10.0,-0.8682828482410566,-0.09146508421113875,0.07432291666666667,-0.0758177392254652,4095,1440,0,0.0010955945773459845,230400
phase39r_repaired_neural,regime_lgbm_hmm_guided_hmm,0.025,10.0,-0.5145037709016378,-0.0929722590567282,0.07515625,-0.045722594663258675,4144,1440,0,0.00018225676113717485,230400
phase39r_repaired_neural,regime_lgbm_kmeans,0.025,10.0,-0.26091111748761575,-0.04878516425749434,0.06767361111111111,-0.023842471977211344,3758,1440,0,0.003790639526610315,230400
phase39r_repaired_neural,regime_lgbm_vol_bucket,0.025,10.0,-0.8318963953971066,-0.11430250280170773,0.08125,-0.07612717268511215,4459,1440,0,0.003559981600306569,230400
phase41b_classical_candidates,global_lgbm,0.025,20.0,-0.9117335844809684,-0.08583470287557712,0.04262152777777778,-0.06911085241788661,2404,1440,0,0.006398383264279498,230400
phase41b_classical_candidates,regime_lgbm_hmm,0.025,20.0,-1.3517525815013733,-0.14469143609512555,0.05663194444444444,-0.11262508462647514,3154,1440,0,0.004166980217117804,230400
phase41b_classical_candidates,regime_lgbm_kmeans,0.025,20.0,-1.2109688933565503,-0.10654162349975749,0.054461805555555555,-0.09309848608196658,3051,1440,0,0.00416255457578596,230400
phase41b_classical_candidates,regime_lgbm_vol_bucket,0.025,20.0,-1.3079828448962512,-0.12793689252012672,0.06277777777777778,-0.10571973414854174,3488,1440,0,0.005312790012927544,230400
phase39r_repaired_neural,global_lgbm,0.025,20.0,-0.9798571355114228,-0.09881607974331791,0.04918402777777778,-0.07996524936063487,2778,1440,0,0.006878063831060766,230400
phase39r_repaired_neural,regime_lgbm_contrastive,0.025,20.0,-2.547553700207578,-0.19379920585516755,0.06263888888888888,-0.18258388970514583,3470,1440,0,0.004103650933278804,230400
phase39r_repaired_neural,regime_lgbm_contrastive_hmm,0.025,20.0,-2.511641559587473,-0.19161104446366056,0.06717013888888888,-0.17702637083702588,3717,1440,0,-0.0015439876361880483,230400
phase39r_repaired_neural,regime_lgbm_hmm,0.025,20.0,-1.3633950739548986,-0.15819328087677342,0.07046875,-0.12281715115459158,3898,1440,0,0.005324208445539323,230400
phase39r_repaired_neural,regime_lgbm_hmm_guided_gmm,0.025,20.0,-2.0933880410691184,-0.17911910315362445,0.07432291666666667,-0.16962483919437188,4095,1440,0,0.0010955945773459845,230400
phase39r_repaired_neural,regime_lgbm_hmm_guided_hmm,0.025,20.0,-1.779161485083883,-0.17630110379701988,0.07515625,-0.1436145869024824,4144,1440,0,0.00018225676113717485,230400
phase39r_repaired_neural,regime_lgbm_kmeans,0.025,20.0,-1.4428240425423167,-0.1274106699489557,0.06767361111111111,-0.11447965293543572,3758,1440,0,0.003790639526610315,230400
phase39r_repaired_neural,regime_lgbm_vol_bucket,0.025,20.0,-2.1119775940393506,-0.20425359805364487,0.08125,-0.1781473987696096,4459,1440,0,0.003559981600306569,230400
phase41b_classical_candidates,global_lgbm,0.025,40.0,-2.514744586912833,-0.18525381159582965,0.04262152777777778,-0.17666671177454585,2404,1440,0,0.006398383264279498,230400
phase41b_classical_candidates,regime_lgbm_hmm,0.025,40.0,-3.2203951191552007,-0.2641335667943581,0.05663194444444444,-0.2462161560237791,3154,1440,0,0.004166980217117804,230400
phase41b_classical_candidates,regime_lgbm_kmeans,0.025,40.0,-3.1953726639717748,-0.2266110558258826,0.054461805555555555,-0.22477567647973595,3051,1440,0,0.00416255457578596,230400
phase41b_classical_candidates,regime_lgbm_vol_bucket,0.025,40.0,-3.4571463680927734,-0.2594581639427662,0.06277777777777778,-0.2536731330478472,3488,1440,0,0.005312790012927544,230400
phase39r_repaired_neural,global_lgbm,0.025,40.0,-2.6867957429198075,-0.20913950269341988,0.04918402777777778,-0.2015102968161081,2778,1440,0,0.006878063831060766,230400
phase39r_repaired_neural,regime_lgbm_contrastive,0.025,40.0,-4.822473814087009,-0.3196439731165606,0.06263888888888888,-0.3175563168064812,3470,1440,0,0.004103650933278804,230400
phase39r_repaired_neural,regime_lgbm_contrastive_hmm,0.025,40.0,-4.988052184796943,-0.32227490182397045,0.06717013888888888,-0.32183430353337306,3717,1440,0,-0.0015439876361880483,230400
phase39r_repaired_neural,regime_lgbm_hmm,0.025,40.0,-3.5112257035856502,-0.30032738320715313,0.07046875,-0.2839896338039203,3898,1440,0,0.005324208445539323,230400
phase39r_repaired_neural,regime_lgbm_hmm_guided_gmm,0.025,40.0,-4.5253344317495126,-0.3331347413369059,0.07432291666666667,-0.3296765362459091,4095,1440,0,0.0010955945773459845,230400
phase39r_repaired_neural,regime_lgbm_hmm_guided_hmm,0.025,40.0,-4.285827250354086,-0.32624295531621167,0.07515625,-0.3103393961889561,4144,1440,0,0.00018225676113717485,230400
phase39r_repaired_neural,regime_lgbm_kmeans,0.025,40.0,-3.796576313953708,-0.2738432817577235,0.06767361111111111,-0.27132241598794915,3758,1440,0,0.003790639526610315,230400
phase39r_repaired_neural,regime_lgbm_vol_bucket,0.025,40.0,-4.645429531299718,-0.3577150814656984,0.08125,-0.34967573466626045,4459,1440,0,0.003559981600306569,230400
phase41b_classical_candidates,global_lgbm,0.05,5.0,0.22341347544431583,-0.0326379666216746,0.03501736111111111,0.01379950291491383,1992,1440,0,0.00567822231660798,230400
phase41b_classical_candidates,regime_lgbm_hmm,0.05,5.0,-0.22368592121240222,-0.06352031586963507,0.049305555555555554,-0.020299018375248057,2765,1440,0,0.0029983162340869486,230400
phase41b_classical_candidates,regime_lgbm_kmeans,0.05,5.0,0.34566702225410395,-0.040371561421691654,0.04680555555555556,0.023829840912060085,2636,1440,0,0.0028389782281130213,230400
phase41b_classical_candidates,regime_lgbm_vol_bucket,0.05,5.0,0.2149305595808046,-0.04331103451546793,0.05314236111111111,0.014368485096815764,2988,1440,0,0.005161446312954075,230400
phase39r_repaired_neural,global_lgbm,0.05,5.0,0.2850876140653838,-0.0543909915418991,0.039461805555555556,0.019691970840076678,2245,1440,0,0.005806823922675498,230400
phase39r_repaired_neural,regime_lgbm_contrastive,0.05,5.0,-0.2767577442735081,-0.04967908753934233,0.05388888888888889,-0.022539205487765668,3032,1440,0,0.004023349250616495,230400
phase39r_repaired_neural,regime_lgbm_contrastive_hmm,0.05,5.0,-0.589745370836679,-0.09085407982420943,0.059618055555555556,-0.044992711251916284,3326,1440,0,-0.0013281958614115331,230400
phase39r_repaired_neural,regime_lgbm_hmm,0.05,5.0,0.23900812662372964,-0.06944540515830773,0.061649305555555554,0.018432453660407466,3454,1440,0,0.00464733697235591,230400
phase39r_repaired_neural,regime_lgbm_hmm_guided_gmm,0.05,5.0,-0.5128270152861546,-0.06165625724822642,0.0665625,-0.044853187507452374,3706,1440,0,0.0017550835484026303,230400
phase39r_repaired_neural,regime_lgbm_hmm_guided_hmm,0.05,5.0,-0.16202440589757017,-0.07525239295279978,0.06737847222222222,-0.015473076506957839,3748,1440,0,0.0002813590661404989,230400
phase39r_repaired_neural,regime_lgbm_kmeans,0.05,5.0,0.323894595750514,-0.03588511223569346,0.05880208333333333,0.02362599601011417,3293,1440,0,0.003994183873760386,230400
phase39r_repaired_neural,regime_lgbm_vol_bucket,0.05,5.0,0.32269679805884327,-0.050653179902516506,0.07112847222222222,0.024438917694319384,3952,1440,0,0.004713485736695823,230400
phase41b_classical_candidates,global_lgbm,0.05,10.0,-0.13922821622527723,-0.0385946910326764,0.03501736111111111,-0.011438516571787627,1992,1440,0,0.00567822231660798,230400
phase41b_classical_candidates,regime_lgbm_hmm,0.05,10.0,-0.6637924434042666,-0.09230271184151041,0.049305555555555554,-0.0544695069419745,2765,1440,0,0.0029983162340869486,230400
phase41b_classical_candidates,regime_lgbm_kmeans,0.05,10.0,-0.10905756928770768,-0.05123922944617782,0.04680555555555556,-0.010090183761763516,2636,1440,0,0.0028389782281130213,230400
phase41b_classical_candidates,regime_lgbm_vol_bucket,0.05,10.0,-0.2836194841189093,-0.05744292273477402,0.05314236111111111,-0.023708385138688448,2988,1440,0,0.005161446312954075,230400
phase39r_repaired_neural,global_lgbm,0.05,10.0,-0.08838252875311108,-0.06194079578052644,0.039461805555555556,-0.008866570521191774,2245,1440,0,0.005806823922675498,230400
phase39r_repaired_neural,regime_lgbm_contrastive,0.05,10.0,-0.7965126732036572,-0.07968030182763444,0.05388888888888889,-0.05973739895651309,3032,1440,0,0.004023349250616495,230400
phase39r_repaired_neural,regime_lgbm_contrastive_hmm,0.05,10.0,-1.1657314915682715,-0.1174539857921031,0.059618055555555556,-0.08512247932779982,3326,1440,0,-0.0013281958614115331,230400
phase39r_repaired_neural,regime_lgbm_hmm,0.05,10.0,-0.26002644119688545,-0.08430233644846744,0.061649305555555554,-0.025781819022320795,3454,1440,0,0.00464733697235591,230400
phase39r_repaired_neural,regime_lgbm_hmm_guided_gmm,0.05,10.0,-1.0825540244727647,-0.0976548440765629,0.0665625,-0.08954797972356365,3706,1440,0,0.0017550835484026303,230400
phase39r_repaired_neural,regime_lgbm_hmm_guided_hmm,0.05,10.0,-0.7619868865892924,-0.10175821078718804,0.06737847222222222,-0.062093858090291665,3748,1440,0,0.0002813590661404989,230400
phase39r_repaired_neural,regime_lgbm_kmeans,0.05,10.0,-0.209109118647708,-0.04639723169451896,0.05880208333333333,-0.018801340939155198,3293,1440,0,0.003994183873760386,230400
phase39r_repaired_neural,regime_lgbm_vol_bucket,0.05,10.0,-0.29543214694977454,-0.06739059200682254,0.07112847222222222,-0.026698544592958395,3952,1440,0,0.004713485736695823,230400
phase41b_classical_candidates,global_lgbm,0.05,20.0,-0.8655432396806608,-0.0759964655405277,0.03501736111111111,-0.06004994261378738,1992,1440,0,0.00567822231660798,230400
phase41b_classical_candidates,regime_lgbm_hmm,0.05,20.0,-1.5425175571423084,-0.1472464867707641,0.049305555555555554,-0.119283173823298,2765,1440,0,0.0029983162340869486,230400
phase41b_classical_candidates,regime_lgbm_kmeans,0.05,20.0,-1.0229566650165045,-0.09108515183981647,0.04680555555555556,-0.07460236041482782,2636,1440,0,0.0028389782281130213,230400
phase41b_classical_candidates,regime_lgbm_vol_bucket,0.05,20.0,-1.2810662441969038,-0.11854727753388265,0.05314236111111111,-0.09563533760806664,2988,1440,0,0.005161446312954075,230400
phase39r_repaired_neural,global_lgbm,0.05,20.0,-0.8376843385798725,-0.08647308451993369,0.039461805555555556,-0.06361169749065776,2245,1440,0,0.005806823922675498,230400
phase39r_repaired_neural,regime_lgbm_contrastive,0.05,20.0,-1.8358138541711504,-0.1440685438488335,0.05388888888888889,-0.12994757465051154,3032,1440,0,0.004023349250616495,230400
phase39r_repaired_neural,regime_lgbm_contrastive_hmm,0.05,20.0,-2.3137985384662354,-0.1743496258539126,0.059618055555555556,-0.16040143688420105,3326,1440,0,-0.0013281958614115331,230400
phase39r_repaired_neural,regime_lgbm_hmm,0.05,20.0,-1.2586189520933755,-0.1455867047734292,0.061649305555555554,-0.108543881629515,3454,1440,0,0.00464733697235591,230400
phase39r_repaired_neural,regime_lgbm_hmm_guided_gmm,0.05,20.0,-2.2219050109343015,-0.17734499707826248,0.0665625,-0.17277020629662898,3706,1440,0,0.0017550835484026303,230400
phase39r_repaired_neural,regime_lgbm_hmm_guided_hmm,0.05,20.0,-1.9616293695389986,-0.17300498353513646,0.06737847222222222,-0.14882622994968409,3748,1440,0,0.0002813590661404989,230400
phase39r_repaired_neural,regime_lgbm_kmeans,0.05,20.0,-1.2778682278869076,-0.11136694786999275,0.05880208333333333,-0.09846150144826116,3293,1440,0,0.003994183873760386,230400
phase39r_repaired_neural,regime_lgbm_vol_bucket,0.05,20.0,-1.534320696553655,-0.15017649904467306,0.07112847222222222,-0.12145358809251461,3952,1440,0,0.004713485736695823,230400
phase41b_classical_candidates,global_lgbm,0.05,40.0,-2.3123905719022155,-0.15849421315563186,0.03501736111111111,-0.1502357746431644,1992,1440,0,0.00567822231660798,230400
phase41b_classical_candidates,regime_lgbm_hmm,0.05,40.0,-3.2821903150401437,-0.2510328624747527,0.049305555555555554,-0.23590942011031446,2765,1440,0,0.0029983162340869486,230400
phase41b_classical_candidates,regime_lgbm_kmeans,0.05,40.0,-2.855063362204104,-0.19473864528690216,0.04680555555555556,-0.1913098702426389,2636,1440,0,0.0028389782281130213,230400
phase41b_classical_candidates,regime_lgbm_vol_bucket,0.05,40.0,-3.261099523707583,-0.2307573541035156,0.05314236111111111,-0.22400801513265256,2988,1440,0,0.005161446312954075,230400
phase39r_repaired_neural,global_lgbm,0.05,40.0,-2.3365717403498727,-0.17199008617863365,0.039461805555555556,-0.16421589339647225,2245,1440,0,0.005806823922675498,230400
phase39r_repaired_neural,regime_lgbm_contrastive,0.05,40.0,-3.897795214211653,-0.2596674268375999,0.05388888888888889,-0.25505458487705035,3032,1440,0,0.004023349250616495,230400
phase39r_repaired_neural,regime_lgbm_contrastive_hmm,0.05,40.0,-4.576073691780677,-0.2933706918706992,0.059618055555555556,-0.29291130256065934,3326,1440,0,-0.0013281958614115331,230400
phase39r_repaired_neural,regime_lgbm_hmm,0.05,40.0,-3.2446666050634034,-0.2715165680555459,0.061649305555555554,-0.25360211240446984,3454,1440,0,0.00464733697235591,230400
phase39r_repaired_neural,regime_lgbm_hmm_guided_gmm,0.05,40.0,-4.481965086903622,-0.31871872104641563,0.0665625,-0.31711855072242856,3706,1440,0,0.0017550835484026303,230400
phase39r_repaired_neural,regime_lgbm_hmm_guided_hmm,0.05,40.0,-4.3398206245274755,-0.30819168015959447,0.06737847222222222,-0.299001524802905,3748,1440,0,0.0002813590661404989,230400
phase39r_repaired_neural,regime_lgbm_kmeans,0.05,40.0,-3.4096458819883235,-0.241223108833542,0.05880208333333333,-0.23893255959909254,3293,1440,0,0.003994183873760386,230400
phase39r_repaired_neural,regime_lgbm_vol_bucket,0.05,40.0,-4.000400586068884,-0.2943858174968592,0.07112847222222222,-0.2842220996954029,3952,1440,0,0.004713485736695823,230400
phase41b_classical_candidates,global_lgbm,0.075,5.0,0.5279691337027254,-0.029063781334295657,0.0271875,0.03244946204624766,1551,1440,0,0.004830949258108129,230400
phase41b_classical_candidates,regime_lgbm_hmm,0.075,5.0,-0.043472053747499,-0.0459456808859188,0.04119791666666667,-0.004775907257249745,2329,1440,0,0.0022558162774711536,230400
phase41b_classical_candidates,regime_lgbm_kmeans,0.075,5.0,0.46731241413161223,-0.03334186198547374,0.03892361111111111,0.030319861967411432,2204,1440,0,0.003332279009909778,230400
phase41b_classical_candidates,regime_lgbm_vol_bucket,0.075,5.0,0.005380255442631422,-0.04914396685895288,0.04300347222222222,-0.0013731161908973055,2430,1440,0,0.004047449439218958,230400
phase39r_repaired_neural,global_lgbm,0.075,5.0,0.5910599323425393,-0.050015392290824565,0.031545138888888886,0.039827859936269805,1797,1440,0,0.005540665951584405,230400
phase39r_repaired_neural,regime_lgbm_contrastive,0.075,5.0,-0.2932758859691652,-0.05440387028647229,0.04529513888888889,-0.02190921301385107,2561,1440,0,0.0024978000047611035,230400
phase39r_repaired_neural,regime_lgbm_contrastive_hmm,0.075,5.0,-0.20583894313129747,-0.05943267179291892,0.05125,-0.01541590936706383,2879,1440,0,-0.0031363873854317777,230400
phase39r_repaired_neural,regime_lgbm_hmm,0.075,5.0,0.11919312414855635,-0.0681788150687252,0.05197916666666667,0.007255658080371763,2938,1440,0,0.004700543222062157,230400
phase39r_repaired_neural,regime_lgbm_hmm_guided_gmm,0.075,5.0,-0.3370222642021626,-0.04970140760123818,0.057777777777777775,-0.027619326900847896,3243,1440,0,0.0010857385891076571,230400
phase39r_repaired_neural,regime_lgbm_hmm_guided_hmm,0.075,5.0,-0.21381028537144348,-0.06257259593756423,0.05798611111111111,-0.018128733202387393,3257,1440,0,-0.0005303619893593227,230400
phase39r_repaired_neural,regime_lgbm_kmeans,0.075,5.0,0.4230943636966398,-0.03204063187783709,0.04932291666666667,0.029812776884121428,2780,1440,0,0.003802159818855402,230400
phase39r_repaired_neural,regime_lgbm_vol_bucket,0.075,5.0,0.16991975764496317,-0.044513851321102416,0.06125,0.011146616887254268,3438,1440,0,0.0038885439536325787,230400
phase41b_classical_candidates,global_lgbm,0.075,10.0,0.2192542911833905,-0.03590396341707077,0.0271875,0.01243901215137111,1551,1440,0,0.004830949258108129,230400
phase41b_classical_candidates,regime_lgbm_hmm,0.075,10.0,-0.47470015726836795,-0.06574153166578087,0.04119791666666667,-0.03386323442477934,2329,1440,0,0.0022558162774711536,230400
phase41b_classical_candidates,regime_lgbm_kmeans,0.075,10.0,0.05293963050602222,-0.04357683186522288,0.03892361111111111,0.0018519397942102778,2204,1440,0,0.003332279009909778,230400
phase41b_classical_candidates,regime_lgbm_vol_bucket,0.075,10.0,-0.4524311369678042,-0.06626860447834465,0.04300347222222222,-0.031816967149248865,2430,1440,0,0.004047449439218958,230400
phase39r_repaired_neural,global_lgbm,0.075,10.0,0.2630025624767905,-0.05627969252889625,0.031545138888888886,0.016483364240207354,1797,1440,0,0.005540665951584405,230400
phase39r_repaired_neural,regime_lgbm_contrastive,0.075,10.0,-0.7642760703976023,-0.07778455111950351,0.04529513888888889,-0.053291384044031775,2561,1440,0,0.0024978000047611035,230400
phase39r_repaired_neural,regime_lgbm_contrastive_hmm,0.075,10.0,-0.7555991508897542,-0.08422449923827384,0.05125,-0.05108545907275763,2879,1440,0,-0.0031363873854317777,230400
phase39r_repaired_neural,regime_lgbm_hmm,0.075,10.0,-0.33706454412773185,-0.08182645847929745,0.05197916666666667,-0.029741874568132376,2938,1440,0,0.004700543222062157,230400
phase39r_repaired_neural,regime_lgbm_hmm_guided_gmm,0.075,10.0,-0.8814633366785353,-0.07387567888963699,0.057777777777777775,-0.06723845733378575,3243,1440,0,0.0010857385891076571,230400
phase39r_repaired_neural,regime_lgbm_hmm_guided_hmm,0.075,10.0,-0.7676139182847169,-0.09263813981858078,0.05798611111111111,-0.058276191053316495,3257,1440,0,-0.0005303619893593227,230400
phase39r_repaired_neural,regime_lgbm_kmeans,0.075,10.0,-0.05447527349260616,-0.046501502999705485,0.04932291666666667,-0.00610867960255157,2780,1440,0,0.003802159818855402,230400
phase39r_repaired_neural,regime_lgbm_vol_bucket,0.075,10.0,-0.38693448349646453,-0.07015331708873548,0.06125,-0.032471780335463274,3438,1440,0,0.0038885439536325787,230400
phase41b_classical_candidates,global_lgbm,0.075,20.0,-0.39974468257961127,-0.050380559525252305,0.0271875,-0.026429075639158417,1551,1440,0,0.004830949258108129,230400
phase41b_classical_candidates,regime_lgbm_hmm,0.075,20.0,-1.3362575725533363,-0.1126702058492877,0.04119791666666667,-0.08951734049240423,2329,1440,0,0.0022558162774711536,230400
phase41b_classical_candidates,regime_lgbm_kmeans,0.075,20.0,-0.7792697314026941,-0.07352054339764882,0.03892361111111111,-0.05275074196284657,2204,1440,0,0.003332279009909778,230400
phase41b_classical_candidates,regime_lgbm_vol_bucket,0.075,20.0,-1.3689419350398409,-0.11265163094292274,0.04300347222222222,-0.08995394339416163,2430,1440,0,0.004047449439218958,230400
phase39r_repaired_neural,global_lgbm,0.075,20.0,-0.39614842808226075,-0.06868567912105705,0.031545138888888886,-0.028648997708842328,1797,1440,0,0.005540665951584405,230400
phase39r_repaired_neural,regime_lgbm_contrastive,0.075,20.0,-1.7064974403070805,-0.13060449915577757,0.04529513888888889,-0.11307249379397166,2561,1440,0,0.0024978000047611035,230400
phase39r_repaired_neural,regime_lgbm_contrastive_hmm,0.075,20.0,-1.8534916362566496,-0.1357569316502883,0.05125,-0.11860059043454829,2879,1440,0,-0.0031363873854317777,230400
phase39r_repaired_neural,regime_lgbm_hmm,0.075,20.0,-1.250143181545249,-0.1348895172136364,0.05197916666666667,-0.09971660216145584,2938,1440,0,0.004700543222062157,230400
phase39r_repaired_neural,regime_lgbm_hmm_guided_gmm,0.075,20.0,-1.9710649095915342,-0.1442314961304792,0.057777777777777775,-0.14170698433951057,3243,1440,0,0.0010857385891076571,230400
phase39r_repaired_neural,regime_lgbm_hmm_guided_hmm,0.075,20.0,-1.8756698881077605,-0.1580156895370845,0.05798611111111111,-0.1337207493939696,3257,1440,0,-0.0005303619893593227,230400
phase39r_repaired_neural,regime_lgbm_kmeans,0.075,20.0,-1.0141804861645038,-0.09040215273603623,0.04932291666666667,-0.07424262009458049,2780,1440,0,0.003802159818855402,230400
phase39r_repaired_neural,regime_lgbm_vol_bucket,0.075,20.0,-1.5025091640392787,-0.1405728368462953,0.06125,-0.11415322729539179,3438,1440,0,0.0038885439536325787,230400
phase41b_classical_candidates,global_lgbm,0.075,40.0,-1.6370253292245622,-0.11257494053492144,0.0271875,-0.09975776669346359,1551,1440,0,0.004830949258108129,230400
phase41b_classical_candidates,regime_lgbm_hmm,0.075,40.0,-3.043640245396623,-0.20268572047273478,0.04119791666666667,-0.19141018175433233,2329,1440,0,0.0022558162774711536,230400
phase41b_classical_candidates,regime_lgbm_kmeans,0.075,40.0,-2.4459247174754903,-0.16081748516924413,0.03892361111111111,-0.1532077373129893,2204,1440,0,0.003332279009909778,230400
phase41b_classical_candidates,regime_lgbm_vol_bucket,0.075,40.0,-3.1914657065350696,-0.20426973796578476,0.04300347222222222,-0.19598327429776752,2430,1440,0,0.004047449439218958,230400
phase39r_repaired_neural,global_lgbm,0.075,40.0,-1.7191964196173184,-0.12381199870409638,0.031545138888888886,-0.11300517862427184,1797,1440,0,0.005540665951584405,230400
phase39r_repaired_neural,regime_lgbm_contrastive,0.075,40.0,-3.5788184982995723,-0.22970861545244492,0.04529513888888889,-0.22156636410909192,2561,1440,0,0.0024978000047611035,230400
phase39r_repaired_neural,regime_lgbm_contrastive_hmm,0.075,40.0,-4.0255602626833165,-0.24319942267394393,0.05125,-0.23958203261434852,2879,1440,0,-0.0031363873854317777,230400
phase39r_repaired_neural,regime_lgbm_hmm,0.075,40.0,-3.067486969353833,-0.24025423430772422,0.05197916666666667,-0.22491314559582343,2938,1440,0,0.004700543222062157,230400
phase39r_repaired_neural,regime_lgbm_hmm_guided_gmm,0.075,40.0,-4.136447081417347,-0.2750102260521543,0.057777777777777775,-0.2733073946999597,3243,1440,0,0.0010857385891076571,230400
phase39r_repaired_neural,regime_lgbm_hmm_guided_hmm,0.075,40.0,-4.076602998563865,-0.2775795737102021,0.05798611111111111,-0.2669863181660671,3257,1440,0,-0.0005303619893593227,230400
phase39r_repaired_neural,regime_lgbm_kmeans,0.075,40.0,-2.9384630843409116,-0.20024562438089671,0.04932291666666667,-0.19684029786347035,2780,1440,0,0.003802159818855402,230400
phase39r_repaired_neural,regime_lgbm_vol_bucket,0.075,40.0,-3.723838965812255,-0.2667276314074102,0.06125,-0.2574386558730777,3438,1440,0,0.0038885439536325787,230400
