method,target,horizon,regime_method,symbol_scope,IC,mean_asset_IC,median_asset_IC,cross_sectional_IC,median_cross_sectional_IC,pooled_IC,signal_IC,n_asset_IC,n_cross_sectional_IC,Sharpe,drawdown,turnover,total_return,n_trades,n_return_observations,rebalance_offset_utc,n_test_rows,accuracy,balanced_accuracy,fold
global_lgbm,tb_label_8h,8h,none,FILUSDT+ARBUSDT+OPUSDT+INJUSDT+ATOMUSDT+XLMUSDT+ALGOUSDT+AAVEUSDT+RUNEUSDT+FETUSDT,0.059694105951765594,0.059694105951765594,0.059258436786070026,-0.0004374568735182728,-0.0374519701040811,0.05618544784052887,0.010297188797201706,10,720,-1.0851249676124761,-0.030827914284550836,0.043333333333333335,-0.011039729103070495,77,90,0,7200,0.55,0.35016267241656057,1
global_lgbm,tb_label_8h,8h,none,FILUSDT+ARBUSDT+OPUSDT+INJUSDT+ATOMUSDT+XLMUSDT+ALGOUSDT+AAVEUSDT+RUNEUSDT+FETUSDT,-0.13898210287902907,-0.13898210287902907,-0.12926175500161405,0.017847630195795654,0.01800529964847749,-0.12563180154386624,-0.05981003416087892,10,720,-4.950927830438997,-0.030794301005797737,0.05722222222222222,-0.05197593044595894,102,90,0,7200,0.5644444444444444,0.3428427599007036,2
global_lgbm,tb_label_8h,8h,none,FILUSDT+ARBUSDT+OPUSDT+INJUSDT+ATOMUSDT+XLMUSDT+ALGOUSDT+AAVEUSDT+RUNEUSDT+FETUSDT,0.03690836890451185,0.03690836890451185,0.01839171123936251,-0.014150727652878888,-0.023805524305390437,0.038263202710029504,0.034899460132367145,10,720,3.7924243723051525,-0.010584354790168518,0.058888888888888886,0.035585453612218654,102,90,0,7200,0.5556944444444445,0.34570227756604993,3
global_lgbm,tb_label_8h,8h,none,FILUSDT+ARBUSDT+OPUSDT+INJUSDT+ATOMUSDT+XLMUSDT+ALGOUSDT+AAVEUSDT+RUNEUSDT+FETUSDT,0.04372306757991443,0.04372306757991443,0.05361954729300243,0.009740943050175796,0.009453618999363254,0.05112192712523759,0.029468529213799482,10,720,2.476457944802036,-0.008364329632258869,0.03833333333333333,0.007690798611883487,68,90,0,7200,0.5969444444444445,0.3569350912374583,4
global_lgbm,tb_label_8h,8h,none,FILUSDT+ARBUSDT+OPUSDT+INJUSDT+ATOMUSDT+XLMUSDT+ALGOUSDT+AAVEUSDT+RUNEUSDT+FETUSDT,0.07362525040649111,0.07362525040649111,0.08567187045548894,0.014453573123318379,0.007233215049072681,0.07507385411179722,-0.021633887340871273,10,720,-3.046114491159975,-0.037951497839861334,0.04388888888888889,-0.027620736121242162,78,90,0,7200,0.5343055555555556,0.34536738491536495,5
global_lgbm,tb_label_8h,8h,none,FILUSDT+ARBUSDT+OPUSDT+INJUSDT+ATOMUSDT+XLMUSDT+ALGOUSDT+AAVEUSDT+RUNEUSDT+FETUSDT,-0.03986577464520804,-0.03986577464520804,-0.04315964414687848,-0.03908850178863039,-0.05858102653861652,-0.03465702198381177,-0.05268915335120379,10,720,-4.242628285496437,-0.03939050716912314,0.065,-0.03960900215731289,114,90,0,7200,0.5475,0.3497029670781238,6
global_lgbm,tb_label_8h,8h,none,FILUSDT+ARBUSDT+OPUSDT+INJUSDT+ATOMUSDT+XLMUSDT+ALGOUSDT+AAVEUSDT+RUNEUSDT+FETUSDT,0.03464968950048823,0.03464968950048823,0.04270442199687924,-0.014406823087727656,-0.008246808212309149,0.03906873469803028,0.003867916508748983,10,720,0.7418309916508408,-0.017599656933239505,0.03222222222222222,0.006385587729285547,57,90,0,7200,0.5640277777777778,0.34399440858855823,7
global_lgbm,tb_label_8h,8h,none,FILUSDT+ARBUSDT+OPUSDT+INJUSDT+ATOMUSDT+XLMUSDT+ALGOUSDT+AAVEUSDT+RUNEUSDT+FETUSDT,-0.06745998762884955,-0.06745998762884955,-0.07603277909295861,-0.03170765963686435,-0.04945967427939793,-0.05150527732798711,-0.02902054156601113,10,720,1.3324157642479058,-0.012436107398347834,0.04,0.00651798716034202,71,90,0,7200,0.5801388888888889,0.3450132298375202,8
global_lgbm,tb_label_8h,8h,none,FILUSDT+ARBUSDT+OPUSDT+INJUSDT+ATOMUSDT+XLMUSDT+ALGOUSDT+AAVEUSDT+RUNEUSDT+FETUSDT,0.0321986766683912,0.0321986766683912,0.04530006573820666,-0.017048725975933484,-0.010870083291862453,0.029377174908571193,0.035164851489834364,10,720,-3.5701160579896634,-0.050529553095326966,0.0961111111111111,-0.02544670958393791,164,90,0,7200,0.5538888888888889,0.3762792307410041,9
global_lgbm,tb_label_8h,8h,none,FILUSDT+ARBUSDT+OPUSDT+INJUSDT+ATOMUSDT+XLMUSDT+ALGOUSDT+AAVEUSDT+RUNEUSDT+FETUSDT,0.015448755097097228,0.015448755097097228,0.002589527042841611,-0.09528566301851016,-0.10134690235776285,0.013213364663492318,0.009630078524462429,10,720,-2.3406034926854686,-0.03610509913845849,0.04,-0.0194619611039214,71,90,0,7200,0.5401388888888888,0.34322451055297337,10
global_lgbm,tb_label_8h,8h,none,FILUSDT+ARBUSDT+OPUSDT+INJUSDT+ATOMUSDT+XLMUSDT+ALGOUSDT+AAVEUSDT+RUNEUSDT+FETUSDT,-0.012354600947481515,-0.012354600947481515,-0.00206777742393557,-0.029445178099288274,-0.020563420868220855,0.0169467112722629,-0.014901946079960432,10,720,-2.077805923269368,-0.008002841362712142,0.012777777777777779,-0.004193060418232197,22,90,0,7200,0.5856944444444444,0.33663421867788146,11
global_lgbm,tb_label_8h,8h,none,FILUSDT+ARBUSDT+OPUSDT+INJUSDT+ATOMUSDT+XLMUSDT+ALGOUSDT+AAVEUSDT+RUNEUSDT+FETUSDT,0.005251791282839967,0.005251791282839967,-0.0007090588825734222,-0.0207811658711363,-0.016588456196100002,0.012122293979196883,0.07270979782770118,10,720,1.526640885266234,-0.030752160101914908,0.06,0.020232030168308546,107,90,0,7200,0.5981944444444445,0.37004940875413367,12
global_lgbm,tb_label_8h,8h,none,FILUSDT+ARBUSDT+OPUSDT+INJUSDT+ATOMUSDT+XLMUSDT+ALGOUSDT+AAVEUSDT+RUNEUSDT+FETUSDT,0.03129573473238924,0.03129573473238924,0.05580204827163615,0.0609530683947452,0.05342104441835783,0.021180639666333167,-0.0015175866457248887,10,720,-2.1088179563903986,-0.03815622495203384,0.05555555555555555,-0.013002042967851346,100,90,0,7200,0.5843055555555555,0.3656992991407442,13
global_lgbm,tb_label_8h,8h,none,FILUSDT+ARBUSDT+OPUSDT+INJUSDT+ATOMUSDT+XLMUSDT+ALGOUSDT+AAVEUSDT+RUNEUSDT+FETUSDT,-0.05684521401472463,-0.05684521401472463,-0.041724234278803354,-0.014692899270466365,-0.013328735586651678,-0.06264868741744808,-0.0344668081025174,10,720,-3.287511667128279,-0.022308696686493545,0.021111111111111112,-0.013872037044155627,38,90,0,7200,0.5483333333333333,0.3370585335379909,14
global_lgbm,tb_label_8h,8h,none,FILUSDT+ARBUSDT+OPUSDT+INJUSDT+ATOMUSDT+XLMUSDT+ALGOUSDT+AAVEUSDT+RUNEUSDT+FETUSDT,-0.0523238395277064,-0.0523238395277064,-0.05156013394055571,-0.010432583166734462,-0.005472196203902097,-0.03659124087633878,-0.017346755301312723,10,720,-5.654210610903649,-0.032722051800095235,0.05444444444444444,-0.027348700759629918,90,90,0,7200,0.5638888888888889,0.3502704865303023,15
global_lgbm,tb_label_8h,8h,none,FILUSDT+ARBUSDT+OPUSDT+INJUSDT+ATOMUSDT+XLMUSDT+ALGOUSDT+AAVEUSDT+RUNEUSDT+FETUSDT,-0.04690643111505764,-0.04690643111505764,-0.053879334533252055,0.055322009667953635,0.03655656261123588,-0.025450617719304777,-0.006435545300740267,10,720,2.4320821359810902,-0.00658070700337122,0.06777777777777778,0.010400486867148562,115,90,0,7200,0.5561111111111111,0.35819358315888233,16
global_lgbm,tb_label_8h,8h,none,FILUSDT+ARBUSDT+OPUSDT+INJUSDT+ATOMUSDT+XLMUSDT+ALGOUSDT+AAVEUSDT+RUNEUSDT+FETUSDT,-0.03134010529801173,-0.03134010529801173,-0.03240743690345199,8.12806086747115e-05,0.004395411410775315,-0.029849846462280383,0.016190544093539424,10,720,-5.439354595021243,-0.020408537385139865,0.05,-0.020246774900966713,87,90,0,7200,0.5431944444444444,0.35646794630655715,17
global_lgbm,tb_label_8h,8h,none,FILUSDT+ARBUSDT+OPUSDT+INJUSDT+ATOMUSDT+XLMUSDT+ALGOUSDT+AAVEUSDT+RUNEUSDT+FETUSDT,-0.018634047033837066,-0.018634047033837066,-0.02418165011974065,-0.019030328402126463,-0.031304199134313454,0.0030481383964718004,-0.011021327343301385,10,720,-6.821281278082767,-0.007361718059061606,0.01,-0.006904700117279283,16,90,0,7200,0.5613888888888889,0.33629240689125633,18
regime_lgbm_contrastive,tb_label_8h,8h,contrastive,FILUSDT+ARBUSDT+OPUSDT+INJUSDT+ATOMUSDT+XLMUSDT+ALGOUSDT+AAVEUSDT+RUNEUSDT+FETUSDT,0.02395340827570788,0.02395340827570788,0.00414722403902453,0.0050181916374091385,0.003909272198842207,0.025037193560226705,0.005777194309796932,10,720,-0.8504004355476737,-0.05062904213303961,0.085,-0.012389479380370716,147,90,0,7200,0.5448611111111111,0.3554513996128701,1
regime_lgbm_contrastive,tb_label_8h,8h,contrastive,FILUSDT+ARBUSDT+OPUSDT+INJUSDT+ATOMUSDT+XLMUSDT+ALGOUSDT+AAVEUSDT+RUNEUSDT+FETUSDT,-0.10036953672259112,-0.10036953672259112,-0.12023208213201979,0.019893344399518013,0.021420983576169388,-0.08993930822164342,-0.04334607635959988,10,720,-3.8826217843720894,-0.05318690641103606,0.08777777777777777,-0.04205629286259327,151,90,0,7200,0.5620833333333334,0.3520940170416496,2
regime_lgbm_contrastive,tb_label_8h,8h,contrastive,FILUSDT+ARBUSDT+OPUSDT+INJUSDT+ATOMUSDT+XLMUSDT+ALGOUSDT+AAVEUSDT+RUNEUSDT+FETUSDT,0.06780831977661653,0.06780831977661653,0.06626967750122909,-0.022639605581736413,-0.044073578943903735,0.06348629434703609,0.06735677522693548,10,720,3.6315279008544508,-0.014549886686180237,0.08,0.04128826924643203,135,90,0,7200,0.5493055555555556,0.35529374256326474,3
regime_lgbm_contrastive,tb_label_8h,8h,contrastive,FILUSDT+ARBUSDT+OPUSDT+INJUSDT+ATOMUSDT+XLMUSDT+ALGOUSDT+AAVEUSDT+RUNEUSDT+FETUSDT,0.031318398071241114,0.031318398071241114,0.04161706968537759,0.01944027323578564,0.02399844751485336,0.04053147175276554,0.023910315469546348,10,720,0.2568008993305402,-0.01611158526028603,0.06333333333333334,0.00135520498691033,109,90,0,7200,0.5952777777777778,0.3610382593245243,4
regime_lgbm_contrastive,tb_label_8h,8h,contrastive,FILUSDT+ARBUSDT+OPUSDT+INJUSDT+ATOMUSDT+XLMUSDT+ALGOUSDT+AAVEUSDT+RUNEUSDT+FETUSDT,0.05553370769798325,0.05553370769798325,0.05554397422563123,0.03051389712544836,0.027918119102620816,0.053896262317167744,0.008778681788186457,10,720,3.2364236498602033,-0.02969701159021624,0.07333333333333333,0.03212628253046579,124,90,0,7200,0.5315277777777778,0.3504293504353855,5
regime_lgbm_contrastive,tb_label_8h,8h,contrastive,FILUSDT+ARBUSDT+OPUSDT+INJUSDT+ATOMUSDT+XLMUSDT+ALGOUSDT+AAVEUSDT+RUNEUSDT+FETUSDT,-0.04521292395838654,-0.04521292395838654,-0.03486099896399342,-0.05805033743540206,-0.06396777272683896,-0.043191625943087106,-0.03662753030008582,10,720,-8.662994848761299,-0.06774658528613406,0.09,-0.06559389005708183,156,90,0,7200,0.5470833333333334,0.36101897418721585,6
regime_lgbm_contrastive,tb_label_8h,8h,contrastive,FILUSDT+ARBUSDT+OPUSDT+INJUSDT+ATOMUSDT+XLMUSDT+ALGOUSDT+AAVEUSDT+RUNEUSDT+FETUSDT,0.02632768220290661,0.02632768220290661,0.017567495037853945,0.01589845593303943,0.02158215127276481,0.03251363188870361,0.02497524860706398,10,720,3.6200422070277036,-0.01758322388354017,0.06222222222222222,0.038168769355497956,107,90,0,7200,0.5554166666666667,0.35359333886939304,7
regime_lgbm_contrastive,tb_label_8h,8h,contrastive,FILUSDT+ARBUSDT+OPUSDT+INJUSDT+ATOMUSDT+XLMUSDT+ALGOUSDT+AAVEUSDT+RUNEUSDT+FETUSDT,-0.01888656367160274,-0.01888656367160274,-0.01853532495037437,-0.033441349186573203,-0.05274321874961037,-0.007762800619470834,0.04092220735844675,10,720,3.5741572916625373,-0.01839445405412229,0.06777777777777778,0.03261711581619142,118,90,0,7200,0.5833333333333334,0.36001152585358853,8
regime_lgbm_contrastive,tb_label_8h,8h,contrastive,FILUSDT+ARBUSDT+OPUSDT+INJUSDT+ATOMUSDT+XLMUSDT+ALGOUSDT+AAVEUSDT+RUNEUSDT+FETUSDT,0.05909034742402759,0.05909034742402759,0.06819447715255107,-0.0022598876325829065,0.004015977969708491,0.05686626901987783,0.049851223711026224,10,720,1.0242432710524954,-0.05267288755747304,0.12166666666666667,0.010381207379693835,201,90,0,7200,0.5504166666666667,0.3887057206193621,9
regime_lgbm_contrastive,tb_label_8h,8h,contrastive,FILUSDT+ARBUSDT+OPUSDT+INJUSDT+ATOMUSDT+XLMUSDT+ALGOUSDT+AAVEUSDT+RUNEUSDT+FETUSDT,-0.005810736907684424,-0.005810736907684424,-0.008255094221728498,-0.048535342816922955,-0.061838560755428505,-0.0071802481773455065,0.013911740864671698,10,720,2.9089376171818637,-0.013717110530392073,0.04555555555555556,0.01137268469025332,80,90,0,7200,0.5456944444444445,0.35288314238628704,10
regime_lgbm_contrastive,tb_label_8h,8h,contrastive,FILUSDT+ARBUSDT+OPUSDT+INJUSDT+ATOMUSDT+XLMUSDT+ALGOUSDT+AAVEUSDT+RUNEUSDT+FETUSDT,-0.007807130731762464,-0.007807130731762464,-0.018130455259608436,0.030693120432207132,0.02746922706377577,0.012436144092443637,-0.012826425078833909,10,720,2.6765560308926206,-0.014586491487982965,0.023333333333333334,0.026951037227179286,41,90,0,7200,0.58125,0.33536424458049835,11
regime_lgbm_contrastive,tb_label_8h,8h,contrastive,FILUSDT+ARBUSDT+OPUSDT+INJUSDT+ATOMUSDT+XLMUSDT+ALGOUSDT+AAVEUSDT+RUNEUSDT+FETUSDT,0.024080403709145576,0.024080403709145576,0.014398095178424603,-0.008831937420774639,0.010610828664672205,0.021211761646377853,0.08192687003173815,10,720,2.1085454576048144,-0.015370344016152239,0.07888888888888888,0.023334774579640172,137,90,0,7200,0.6020833333333333,0.3792184707872031,12
regime_lgbm_contrastive,tb_label_8h,8h,contrastive,FILUSDT+ARBUSDT+OPUSDT+INJUSDT+ATOMUSDT+XLMUSDT+ALGOUSDT+AAVEUSDT+RUNEUSDT+FETUSDT,0.0314232984379877,0.0314232984379877,0.015157556684760196,0.04105063159042302,0.032422055291342566,0.03195465633803376,0.05154815825339885,10,720,2.847506023344193,-0.024827670643039534,0.08444444444444445,0.018454732154875808,145,90,0,7200,0.5879166666666666,0.37719587925528847,13
regime_lgbm_contrastive,tb_label_8h,8h,contrastive,FILUSDT+ARBUSDT+OPUSDT+INJUSDT+ATOMUSDT+XLMUSDT+ALGOUSDT+AAVEUSDT+RUNEUSDT+FETUSDT,-0.03406458622053555,-0.03406458622053555,-0.04561715884069723,-0.03425744179659921,-0.0325009207544498,-0.0393703758785198,0.009080340166158957,10,720,-5.661918310832231,-0.050005414686869254,0.043333333333333335,-0.050005414686869254,78,90,0,7200,0.5519444444444445,0.34884049428728225,14
regime_lgbm_contrastive,tb_label_8h,8h,contrastive,FILUSDT+ARBUSDT+OPUSDT+INJUSDT+ATOMUSDT+XLMUSDT+ALGOUSDT+AAVEUSDT+RUNEUSDT+FETUSDT,-0.0054010331670302225,-0.0054010331670302225,0.005547450028706021,0.012253720246048783,0.010271618718159178,-0.0011893248792364715,0.026482168745330742,10,720,-0.2360927537016618,-0.01955249964887161,0.09666666666666666,-0.0020956172860369104,166,90,0,7200,0.5579166666666666,0.3608706860624353,15
regime_lgbm_contrastive,tb_label_8h,8h,contrastive,FILUSDT+ARBUSDT+OPUSDT+INJUSDT+ATOMUSDT+XLMUSDT+ALGOUSDT+AAVEUSDT+RUNEUSDT+FETUSDT,-0.0655256686581068,-0.0655256686581068,-0.07844061713438956,0.03906482994516131,0.043771484805708555,-0.05474835096338592,-0.023620638522285502,10,720,-1.7435182657989725,-0.01943580249652452,0.08944444444444444,-0.00937545863044209,153,90,0,7200,0.5443055555555556,0.35205541402156043,16
regime_lgbm_contrastive,tb_label_8h,8h,contrastive,FILUSDT+ARBUSDT+OPUSDT+INJUSDT+ATOMUSDT+XLMUSDT+ALGOUSDT+AAVEUSDT+RUNEUSDT+FETUSDT,-0.048036197483148475,-0.048036197483148475,-0.02230561433432631,-0.002678225443719078,0.0049694330391425985,-0.0499385866155036,-0.0014036733442341694,10,720,-0.6917360055184543,-0.017702342239118953,0.07444444444444444,-0.003571171989399158,125,90,0,7200,0.5402777777777777,0.3602577716914286,17
regime_lgbm_contrastive,tb_label_8h,8h,contrastive,FILUSDT+ARBUSDT+OPUSDT+INJUSDT+ATOMUSDT+XLMUSDT+ALGOUSDT+AAVEUSDT+RUNEUSDT+FETUSDT,0.026186997895866326,0.026186997895866326,0.025664345380118993,0.03139907317920102,0.03731666893740991,0.034783548294690506,0.012227018984475077,10,720,-5.864236539511805,-0.008639626297932912,0.015555555555555555,-0.007946583355058712,25,90,0,7200,0.5633333333333334,0.3413991791912982,18
regime_lgbm_contrastive_hmm,tb_label_8h,8h,contrastive_hmm,FILUSDT+ARBUSDT+OPUSDT+INJUSDT+ATOMUSDT+XLMUSDT+ALGOUSDT+AAVEUSDT+RUNEUSDT+FETUSDT,0.058916466123406244,0.058916466123406244,0.055018489796529915,0.024045474614975592,0.028376891780282992,0.054404588308451955,0.039354404468670376,10,720,-0.14008938138082472,-0.0485637383284193,0.07555555555555556,-0.0026923008371594337,132,90,0,7200,0.5491666666666667,0.3596998239673915,1
regime_lgbm_contrastive_hmm,tb_label_8h,8h,contrastive_hmm,FILUSDT+ARBUSDT+OPUSDT+INJUSDT+ATOMUSDT+XLMUSDT+ALGOUSDT+AAVEUSDT+RUNEUSDT+FETUSDT,-0.09555250763386333,-0.09555250763386333,-0.08920879763293875,-0.012667786029722995,-0.012055406890230609,-0.08653703715070313,-0.04842045211850751,10,720,-1.8274786146142497,-0.046041970089164254,0.07777777777777778,-0.023366700898797,133,90,0,7200,0.5568055555555556,0.3449421043300051,2
regime_lgbm_contrastive_hmm,tb_label_8h,8h,contrastive_hmm,FILUSDT+ARBUSDT+OPUSDT+INJUSDT+ATOMUSDT+XLMUSDT+ALGOUSDT+AAVEUSDT+RUNEUSDT+FETUSDT,0.01093207629233316,0.01093207629233316,-0.0006929540602777138,-0.012689437306341637,-0.03248620573384687,0.015530517642663657,0.009592008872491387,10,720,-0.28693497218690994,-0.028781156007542552,0.07666666666666666,-0.0032574633859908664,131,90,0,7200,0.5418055555555555,0.34719872200674273,3
regime_lgbm_contrastive_hmm,tb_label_8h,8h,contrastive_hmm,FILUSDT+ARBUSDT+OPUSDT+INJUSDT+ATOMUSDT+XLMUSDT+ALGOUSDT+AAVEUSDT+RUNEUSDT+FETUSDT,0.007899312292412876,0.007899312292412876,0.0019362041077053702,0.02134730765366536,0.030591268377450062,0.016418643898454183,0.028349000795120028,10,720,0.9888126840350785,-0.01863283620720535,0.06777777777777778,0.006962624770762371,116,90,0,7200,0.5893055555555555,0.3612284466751667,4
regime_lgbm_contrastive_hmm,tb_label_8h,8h,contrastive_hmm,FILUSDT+ARBUSDT+OPUSDT+INJUSDT+ATOMUSDT+XLMUSDT+ALGOUSDT+AAVEUSDT+RUNEUSDT+FETUSDT,0.09238823480431442,0.09238823480431442,0.09466946431205303,0.054182498738381,0.047870801917959935,0.08751347613603647,0.011766568658536284,10,720,-0.9601308958137447,-0.04430191032143956,0.07388888888888889,-0.01254802631766827,128,90,0,7200,0.5318055555555555,0.35418959716923853,5
regime_lgbm_contrastive_hmm,tb_label_8h,8h,contrastive_hmm,FILUSDT+ARBUSDT+OPUSDT+INJUSDT+ATOMUSDT+XLMUSDT+ALGOUSDT+AAVEUSDT+RUNEUSDT+FETUSDT,-0.04510104378903797,-0.04510104378903797,-0.05125929714965077,-0.028320952355135157,-0.02646570707096696,-0.039900341149208485,-0.03979688651254972,10,720,-3.4423134973456118,-0.045719456409203434,0.11,-0.04094311992618738,190,90,0,7200,0.5383333333333333,0.3598175880716179,6
regime_lgbm_contrastive_hmm,tb_label_8h,8h,contrastive_hmm,FILUSDT+ARBUSDT+OPUSDT+INJUSDT+ATOMUSDT+XLMUSDT+ALGOUSDT+AAVEUSDT+RUNEUSDT+FETUSDT,0.022112134655936786,0.022112134655936786,0.036685524755828945,0.015455572047361501,0.03250245973254068,0.036624288195305554,0.005533024441187151,10,720,0.5668545876774034,-0.014769775805456511,0.057777777777777775,0.002970177621286707,98,90,0,7200,0.5540277777777778,0.34570873772785893,7
regime_lgbm_contrastive_hmm,tb_label_8h,8h,contrastive_hmm,FILUSDT+ARBUSDT+OPUSDT+INJUSDT+ATOMUSDT+XLMUSDT+ALGOUSDT+AAVEUSDT+RUNEUSDT+FETUSDT,-0.015662029872147452,-0.015662029872147452,-0.00583000060398239,-0.0009129015192638596,0.012779490990093031,-0.009606883313477322,-0.013330578239988395,10,720,6.728665660304179,-0.010248209974974562,0.075,0.04480023275046885,128,90,0,7200,0.5761111111111111,0.3508565191871702,8
regime_lgbm_contrastive_hmm,tb_label_8h,8h,contrastive_hmm,FILUSDT+ARBUSDT+OPUSDT+INJUSDT+ATOMUSDT+XLMUSDT+ALGOUSDT+AAVEUSDT+RUNEUSDT+FETUSDT,0.008824856033620643,0.008824856033620643,0.009285820075738546,-0.02608039152209729,-0.03698292915274426,0.00938517733370702,2.3053961669051994e-06,10,720,-0.7050064398346902,-0.02827120491627134,0.145,-0.007548330308217999,242,90,0,7200,0.5359722222222222,0.37093544452807586,9
regime_lgbm_contrastive_hmm,tb_label_8h,8h,contrastive_hmm,FILUSDT+ARBUSDT+OPUSDT+INJUSDT+ATOMUSDT+XLMUSDT+ALGOUSDT+AAVEUSDT+RUNEUSDT+FETUSDT,0.049853340942799564,0.049853340942799564,0.0546049578431603,-0.06254306133526148,-0.09070590484167601,0.047188146217326234,0.029554684735645625,10,720,1.5520093561160058,-0.015793327791627988,0.06222222222222222,0.012003243395020124,109,90,0,7200,0.54625,0.3560146167901033,10
regime_lgbm_contrastive_hmm,tb_label_8h,8h,contrastive_hmm,FILUSDT+ARBUSDT+OPUSDT+INJUSDT+ATOMUSDT+XLMUSDT+ALGOUSDT+AAVEUSDT+RUNEUSDT+FETUSDT,-0.01937870550909323,-0.01937870550909323,-0.01807192194881129,0.00036722381603374846,0.011098157899204167,-0.018389027877282336,-0.009421039609038402,10,720,-4.980432234262841,-0.021875032696405252,0.028333333333333332,-0.01973466965970405,49,90,0,7200,0.5823611111111111,0.33727286775006543,11
regime_lgbm_contrastive_hmm,tb_label_8h,8h,contrastive_hmm,FILUSDT+ARBUSDT+OPUSDT+INJUSDT+ATOMUSDT+XLMUSDT+ALGOUSDT+AAVEUSDT+RUNEUSDT+FETUSDT,-0.03414637914331297,-0.03414637914331297,-0.04610520679228759,0.008999611300587951,0.013924462208121761,-0.025734091274349877,0.027572100984106212,10,720,-4.022546367698066,-0.053285969945414416,0.10555555555555556,-0.03397703022936194,181,90,0,7200,0.5919444444444445,0.37079642455968354,12
regime_lgbm_contrastive_hmm,tb_label_8h,8h,contrastive_hmm,FILUSDT+ARBUSDT+OPUSDT+INJUSDT+ATOMUSDT+XLMUSDT+ALGOUSDT+AAVEUSDT+RUNEUSDT+FETUSDT,0.062127611442049355,0.062127611442049355,0.0571563492286709,0.026271375700086065,0.031123363935895466,0.0567195826357027,0.008468408203581294,10,720,-3.4634082166288476,-0.03173444242259235,0.09222222222222222,-0.02148843699493652,158,90,0,7200,0.5836111111111111,0.3723058134566872,13
regime_lgbm_contrastive_hmm,tb_label_8h,8h,contrastive_hmm,FILUSDT+ARBUSDT+OPUSDT+INJUSDT+ATOMUSDT+XLMUSDT+ALGOUSDT+AAVEUSDT+RUNEUSDT+FETUSDT,-0.040048857261372604,-0.040048857261372604,-0.057362509379943305,0.010993993477217107,0.02851132177625832,-0.04932135320356964,-0.02558646011620521,10,720,-0.8908974703959315,-0.020131208630019996,0.08388888888888889,-0.007267248979192176,149,90,0,7200,0.5341666666666667,0.34337814070634326,14
regime_lgbm_contrastive_hmm,tb_label_8h,8h,contrastive_hmm,FILUSDT+ARBUSDT+OPUSDT+INJUSDT+ATOMUSDT+XLMUSDT+ALGOUSDT+AAVEUSDT+RUNEUSDT+FETUSDT,-0.04014542810598607,-0.04014542810598607,-0.01606663656724595,0.008781930230543534,0.028426712612507614,-0.03177796577229169,0.0031725308731831623,10,720,2.0201966321922824,-0.010295265186266,0.07944444444444444,0.009420591044153825,128,90,0,7200,0.5609722222222222,0.36298380640700056,15
regime_lgbm_contrastive_hmm,tb_label_8h,8h,contrastive_hmm,FILUSDT+ARBUSDT+OPUSDT+INJUSDT+ATOMUSDT+XLMUSDT+ALGOUSDT+AAVEUSDT+RUNEUSDT+FETUSDT,-0.05154774376147947,-0.05154774376147947,-0.07872936066894297,0.017764914684516173,0.01350549738162123,-0.0362704357598825,-0.017638459394640565,10,720,-1.3442917050429204,-0.0088573469005554,0.07555555555555556,-0.0058471599084150006,127,90,0,7200,0.5483333333333333,0.3591516287302737,16
regime_lgbm_contrastive_hmm,tb_label_8h,8h,contrastive_hmm,FILUSDT+ARBUSDT+OPUSDT+INJUSDT+ATOMUSDT+XLMUSDT+ALGOUSDT+AAVEUSDT+RUNEUSDT+FETUSDT,0.003795771740366221,0.003795771740366221,0.0038997596061487207,0.012864995978374252,0.01747159730139469,0.005638872874924941,0.019673081343461716,10,720,-1.6426131398994372,-0.011419324835848768,0.06777777777777778,-0.006081323892731083,118,90,0,7200,0.5402777777777777,0.3625134102355015,17
regime_lgbm_contrastive_hmm,tb_label_8h,8h,contrastive_hmm,FILUSDT+ARBUSDT+OPUSDT+INJUSDT+ATOMUSDT+XLMUSDT+ALGOUSDT+AAVEUSDT+RUNEUSDT+FETUSDT,-0.017767534805520457,-0.017767534805520457,-0.0353137571139993,-0.014284768488562862,-0.01770806421152977,-0.0022502615935499756,-0.0063082755202271325,10,720,-1.3444010915567348,-0.005401910612546815,0.022222222222222223,-0.0031609838550893388,37,90,0,7200,0.5608333333333333,0.33938374254071363,18
regime_lgbm_hmm,tb_label_8h,8h,hmm,FILUSDT+ARBUSDT+OPUSDT+INJUSDT+ATOMUSDT+XLMUSDT+ALGOUSDT+AAVEUSDT+RUNEUSDT+FETUSDT,0.04242957197293194,0.04242957197293194,0.025604184852648343,0.03224069818836851,0.018569447664633094,0.03870264445838822,0.018678940575290022,10,720,-0.20646250935170216,-0.039809274863151944,0.10388888888888889,-0.004090800290872387,178,90,0,7200,0.5504166666666667,0.3670461680722617,1
regime_lgbm_hmm,tb_label_8h,8h,hmm,FILUSDT+ARBUSDT+OPUSDT+INJUSDT+ATOMUSDT+XLMUSDT+ALGOUSDT+AAVEUSDT+RUNEUSDT+FETUSDT,-0.09310670710453851,-0.09310670710453851,-0.09719410531589948,0.022876738677497566,0.020281500284113414,-0.08657719136398516,-0.06602203592275577,10,720,-6.738580924566777,-0.08660182598666989,0.09444444444444444,-0.100362792744639,162,90,0,7200,0.5463888888888889,0.3385202092791953,2
regime_lgbm_hmm,tb_label_8h,8h,hmm,FILUSDT+ARBUSDT+OPUSDT+INJUSDT+ATOMUSDT+XLMUSDT+ALGOUSDT+AAVEUSDT+RUNEUSDT+FETUSDT,0.04350443350902452,0.04350443350902452,0.031105862429542157,0.005956642206376925,0.011999918277548267,0.046950784429676366,0.022067506986191993,10,720,4.752886846097421,-0.023499437030623484,0.06777777777777778,0.057566127615282126,117,90,0,7200,0.5493055555555556,0.3534972139006465,3
regime_lgbm_hmm,tb_label_8h,8h,hmm,FILUSDT+ARBUSDT+OPUSDT+INJUSDT+ATOMUSDT+XLMUSDT+ALGOUSDT+AAVEUSDT+RUNEUSDT+FETUSDT,0.01701274971102464,0.01701274971102464,-0.014323472415016855,-0.0160895981549539,-0.032518305905591086,0.02388480908156987,0.016607190605911367,10,720,-3.917478742680538,-0.03935723189131303,0.07555555555555556,-0.02685373199216423,134,90,0,7200,0.5897222222222223,0.36313100497450224,4
regime_lgbm_hmm,tb_label_8h,8h,hmm,FILUSDT+ARBUSDT+OPUSDT+INJUSDT+ATOMUSDT+XLMUSDT+ALGOUSDT+AAVEUSDT+RUNEUSDT+FETUSDT,0.056302357675459325,0.056302357675459325,0.06655399218302166,-0.012928437945766123,-0.012900518575425575,0.05261891829133167,0.0033675670098505354,10,720,-0.09543199556959539,-0.029122595173035924,0.07555555555555556,-0.0011856063332141842,134,90,0,7200,0.5245833333333333,0.3466409452685306,5
regime_lgbm_hmm,tb_label_8h,8h,hmm,FILUSDT+ARBUSDT+OPUSDT+INJUSDT+ATOMUSDT+XLMUSDT+ALGOUSDT+AAVEUSDT+RUNEUSDT+FETUSDT,-0.008992943042544362,-0.008992943042544362,-0.015987642444586295,-0.012311071934513557,-0.023992325913337807,-0.006210980383197508,-0.0402632291625014,10,720,-4.907130395259863,-0.04993985447149052,0.09944444444444445,-0.04068993793838238,164,90,0,7200,0.5388888888888889,0.35481056981229403,6
regime_lgbm_hmm,tb_label_8h,8h,hmm,FILUSDT+ARBUSDT+OPUSDT+INJUSDT+ATOMUSDT+XLMUSDT+ALGOUSDT+AAVEUSDT+RUNEUSDT+FETUSDT,0.032819347168534144,0.032819347168534144,0.03560218550181429,-0.0032553300092094633,-0.00048513610924502963,0.036903537730162174,0.01582148907231087,10,720,3.3395978757495763,-0.017610092303602623,0.05333333333333334,0.0340518982678395,91,90,0,7200,0.5565277777777777,0.34765330167381575,7
regime_lgbm_hmm,tb_label_8h,8h,hmm,FILUSDT+ARBUSDT+OPUSDT+INJUSDT+ATOMUSDT+XLMUSDT+ALGOUSDT+AAVEUSDT+RUNEUSDT+FETUSDT,-0.062226146874199625,-0.062226146874199625,-0.07445876800659149,-0.028866861078439256,-0.0433294501838698,-0.04854925468132296,-0.006477161768733255,10,720,0.13321557412051205,-0.03399528360111413,0.06333333333333334,0.0006523112404097642,107,90,0,7200,0.5809722222222222,0.3560060379563536,8
regime_lgbm_hmm,tb_label_8h,8h,hmm,FILUSDT+ARBUSDT+OPUSDT+INJUSDT+ATOMUSDT+XLMUSDT+ALGOUSDT+AAVEUSDT+RUNEUSDT+FETUSDT,0.03126300564718767,0.03126300564718767,0.04703714458248487,-0.019582669537566322,-0.011123565216261629,0.02605246641602358,0.027894669344299017,10,720,0.5888752246823912,-0.03927428408057305,0.12444444444444444,0.004709337352198917,212,90,0,7200,0.5429166666666667,0.38004878336531484,9
regime_lgbm_hmm,tb_label_8h,8h,hmm,FILUSDT+ARBUSDT+OPUSDT+INJUSDT+ATOMUSDT+XLMUSDT+ALGOUSDT+AAVEUSDT+RUNEUSDT+FETUSDT,0.008103513825433442,0.008103513825433442,0.006671719571106851,-0.05239268168887345,-0.050441334905024914,0.003896178812202363,0.0018911643074972894,10,720,-3.51579314266321,-0.06450007952083797,0.057777777777777775,-0.044276278910391875,99,90,0,7200,0.5409722222222222,0.35014130662405374,10
regime_lgbm_hmm,tb_label_8h,8h,hmm,FILUSDT+ARBUSDT+OPUSDT+INJUSDT+ATOMUSDT+XLMUSDT+ALGOUSDT+AAVEUSDT+RUNEUSDT+FETUSDT,0.00130478776528644,0.00130478776528644,-0.014230249561266974,-0.02140355828426104,-0.025726099425357474,0.01871180455761907,-0.006252362457275338,10,720,-4.5217384166118535,-0.017185822624118163,0.03,-0.017185822624118163,53,90,0,7200,0.5838888888888889,0.33997014246238505,11
regime_lgbm_hmm,tb_label_8h,8h,hmm,FILUSDT+ARBUSDT+OPUSDT+INJUSDT+ATOMUSDT+XLMUSDT+ALGOUSDT+AAVEUSDT+RUNEUSDT+FETUSDT,0.0065400624584130524,0.0065400624584130524,-0.0001126575792257849,-0.03543541751093289,-0.045782802726336266,0.014524646914038224,0.040130845805662486,10,720,-0.8129179931211417,-0.0386465313309651,0.08777777777777777,-0.011872033932232795,151,90,0,7200,0.5975,0.3778798725802392,12
regime_lgbm_hmm,tb_label_8h,8h,hmm,FILUSDT+ARBUSDT+OPUSDT+INJUSDT+ATOMUSDT+XLMUSDT+ALGOUSDT+AAVEUSDT+RUNEUSDT+FETUSDT,0.015009800153526024,0.015009800153526024,0.010299722463223648,0.050906760897762145,0.05377600676990053,0.009590772864680299,0.00792646964605806,10,720,-1.7730348809476466,-0.059110006692158754,0.0811111111111111,-0.02148237105024242,142,90,0,7200,0.5848611111111112,0.3741499506423545,13
regime_lgbm_hmm,tb_label_8h,8h,hmm,FILUSDT+ARBUSDT+OPUSDT+INJUSDT+ATOMUSDT+XLMUSDT+ALGOUSDT+AAVEUSDT+RUNEUSDT+FETUSDT,-0.032974494388779675,-0.032974494388779675,-0.041292783574810324,-0.03266346628866045,-0.04190047044191332,-0.03697778444200721,-0.010421178757968176,10,720,1.8546267238788954,-0.011486579407628759,0.03722222222222222,0.006478568459349576,67,90,0,7200,0.54375,0.33963789476252093,14
regime_lgbm_hmm,tb_label_8h,8h,hmm,FILUSDT+ARBUSDT+OPUSDT+INJUSDT+ATOMUSDT+XLMUSDT+ALGOUSDT+AAVEUSDT+RUNEUSDT+FETUSDT,-0.019428149227111346,-0.019428149227111346,-0.006310452592962005,-0.005309762448366565,-0.008404000574192647,-0.012101232553953763,0.0017533721417238302,10,720,0.09363467563999148,-0.03677406833768825,0.09111111111111111,0.0003666763435217213,152,90,0,7200,0.5563888888888889,0.3621235342272258,15
regime_lgbm_hmm,tb_label_8h,8h,hmm,FILUSDT+ARBUSDT+OPUSDT+INJUSDT+ATOMUSDT+XLMUSDT+ALGOUSDT+AAVEUSDT+RUNEUSDT+FETUSDT,-0.06485986804882429,-0.06485986804882429,-0.06062666848365359,0.03941208622421362,0.05198526167560745,-0.04996073897983583,-0.01569788572227007,10,720,3.678438486953288,-0.010426596539876197,0.09222222222222222,0.023340464509400416,158,90,0,7200,0.5504166666666667,0.36388012472209413,16
regime_lgbm_hmm,tb_label_8h,8h,hmm,FILUSDT+ARBUSDT+OPUSDT+INJUSDT+ATOMUSDT+XLMUSDT+ALGOUSDT+AAVEUSDT+RUNEUSDT+FETUSDT,-0.032102056078983345,-0.032102056078983345,-0.06276718427674625,-0.011091978407998268,-0.020117498119432784,-0.027227911853390407,-0.004985898410224585,10,720,-3.7059216292766974,-0.03254851199426598,0.06666666666666667,-0.0204144246880843,110,90,0,7200,0.5404166666666667,0.3578681411019391,17
regime_lgbm_hmm,tb_label_8h,8h,hmm,FILUSDT+ARBUSDT+OPUSDT+INJUSDT+ATOMUSDT+XLMUSDT+ALGOUSDT+AAVEUSDT+RUNEUSDT+FETUSDT,-0.0018460150283824404,-0.0018460150283824404,-0.003361753409003373,-0.03230662066089687,-0.03483568043837969,0.003724825402503047,0.007074792589083853,10,720,-0.7540232662789247,-0.008598755911183475,0.02388888888888889,-0.0023757024665218562,42,90,0,7200,0.5615277777777777,0.34126205758571465,18
regime_lgbm_hmm_guided_gmm,tb_label_8h,8h,hmm_guided_gmm,FILUSDT+ARBUSDT+OPUSDT+INJUSDT+ATOMUSDT+XLMUSDT+ALGOUSDT+AAVEUSDT+RUNEUSDT+FETUSDT,0.07583399692682745,0.07583399692682745,0.07183469702919329,0.02351584330111863,0.04109199795042663,0.06820520635004666,0.018380788930017024,10,720,1.080183248711436,-0.04029277521568343,0.11444444444444445,0.015628314855442582,192,90,0,7200,0.5431944444444444,0.3634150673106246,1
regime_lgbm_hmm_guided_gmm,tb_label_8h,8h,hmm_guided_gmm,FILUSDT+ARBUSDT+OPUSDT+INJUSDT+ATOMUSDT+XLMUSDT+ALGOUSDT+AAVEUSDT+RUNEUSDT+FETUSDT,-0.08922772923718189,-0.08922772923718189,-0.08081453469174187,0.03831915534439079,0.037591610561878055,-0.08032354453291451,-0.03770884519890856,10,720,-2.861663240365276,-0.05082123343920091,0.08777777777777777,-0.03543860760864492,152,90,0,7200,0.55375,0.34911615835293414,2
regime_lgbm_hmm_guided_gmm,tb_label_8h,8h,hmm_guided_gmm,FILUSDT+ARBUSDT+OPUSDT+INJUSDT+ATOMUSDT+XLMUSDT+ALGOUSDT+AAVEUSDT+RUNEUSDT+FETUSDT,0.06890784449244848,0.06890784449244848,0.11533424203962048,0.009349411769163842,0.01026996948048242,0.06485060804399459,0.0460047310625855,10,720,-1.2384201766021983,-0.04885165547471271,0.09777777777777778,-0.017003993521764404,167,90,0,7200,0.5433333333333333,0.3548918592878259,3
regime_lgbm_hmm_guided_gmm,tb_label_8h,8h,hmm_guided_gmm,FILUSDT+ARBUSDT+OPUSDT+INJUSDT+ATOMUSDT+XLMUSDT+ALGOUSDT+AAVEUSDT+RUNEUSDT+FETUSDT,0.04365023251100852,0.04365023251100852,0.045395677972604874,-0.01394792644648506,-0.028459832202921774,0.044436504487263176,0.0335801535437891,10,720,0.30619529744578966,-0.0237693508402685,0.08055555555555556,0.002038453076028013,142,90,0,7200,0.5902777777777778,0.3656085209559495,4
regime_lgbm_hmm_guided_gmm,tb_label_8h,8h,hmm_guided_gmm,FILUSDT+ARBUSDT+OPUSDT+INJUSDT+ATOMUSDT+XLMUSDT+ALGOUSDT+AAVEUSDT+RUNEUSDT+FETUSDT,0.01640569821278703,0.01640569821278703,0.016755957572117196,-0.016579423181357595,-0.019159893441695906,0.016741167173493037,-0.025323230672012004,10,720,-2.7657372253307835,-0.04717488219118133,0.08666666666666667,-0.03096266228917155,152,90,0,7200,0.5256944444444445,0.35001886322704684,5
regime_lgbm_hmm_guided_gmm,tb_label_8h,8h,hmm_guided_gmm,FILUSDT+ARBUSDT+OPUSDT+INJUSDT+ATOMUSDT+XLMUSDT+ALGOUSDT+AAVEUSDT+RUNEUSDT+FETUSDT,-0.03442761187342375,-0.03442761187342375,-0.0611392067254861,-0.04300838565407519,-0.05126232713251397,-0.028184979342187527,-0.028306531945941148,10,720,-3.1499467275727735,-0.058676917614068666,0.10833333333333334,-0.03658301736471736,186,90,0,7200,0.5415277777777778,0.3617447260279363,6
regime_lgbm_hmm_guided_gmm,tb_label_8h,8h,hmm_guided_gmm,FILUSDT+ARBUSDT+OPUSDT+INJUSDT+ATOMUSDT+XLMUSDT+ALGOUSDT+AAVEUSDT+RUNEUSDT+FETUSDT,0.04681177620491526,0.04681177620491526,0.04390190334908357,0.03800471392017062,0.03217685287564741,0.04977651103736716,0.04579294546352904,10,720,2.963174561328486,-0.017249785845949606,0.07777777777777778,0.03166945074618566,131,90,0,7200,0.5558333333333333,0.35851924232638427,7
regime_lgbm_hmm_guided_gmm,tb_label_8h,8h,hmm_guided_gmm,FILUSDT+ARBUSDT+OPUSDT+INJUSDT+ATOMUSDT+XLMUSDT+ALGOUSDT+AAVEUSDT+RUNEUSDT+FETUSDT,-0.034078190420644125,-0.034078190420644125,-0.04153577783912969,-0.038835748007729785,-0.0350422613367191,-0.023432338134998298,-0.020089273112977167,10,720,0.39969466437995793,-0.017845355790317756,0.08222222222222222,0.002364993033519891,143,90,0,7200,0.5748611111111112,0.35748276894286596,8
regime_lgbm_hmm_guided_gmm,tb_label_8h,8h,hmm_guided_gmm,FILUSDT+ARBUSDT+OPUSDT+INJUSDT+ATOMUSDT+XLMUSDT+ALGOUSDT+AAVEUSDT+RUNEUSDT+FETUSDT,0.05194853220928271,0.05194853220928271,0.05890981271667589,-0.025656655218707473,-0.014854250973489799,0.04770884819820022,0.049127160258489885,10,720,1.1258920774164383,-0.035877417926674524,0.1438888888888889,0.010004998171537993,242,90,0,7200,0.5363888888888889,0.38699795407294574,9
regime_lgbm_hmm_guided_gmm,tb_label_8h,8h,hmm_guided_gmm,FILUSDT+ARBUSDT+OPUSDT+INJUSDT+ATOMUSDT+XLMUSDT+ALGOUSDT+AAVEUSDT+RUNEUSDT+FETUSDT,0.05687483818869021,0.05687483818869021,0.03767258483856726,-0.02306938224166595,-0.02633653867337949,0.05369068635866286,0.014244013554904128,10,720,-3.464775168877574,-0.07985677739996894,0.07166666666666667,-0.056412189182125094,129,90,0,7200,0.5330555555555555,0.34951985000788666,10
regime_lgbm_hmm_guided_gmm,tb_label_8h,8h,hmm_guided_gmm,FILUSDT+ARBUSDT+OPUSDT+INJUSDT+ATOMUSDT+XLMUSDT+ALGOUSDT+AAVEUSDT+RUNEUSDT+FETUSDT,0.04173054581177667,0.04173054581177667,0.056125359674519947,0.00262158721147238,-0.011962285615526903,0.0608386823626422,0.0059433710183274535,10,720,-3.8377235795503646,-0.02320065326586273,0.035,-0.018625440044846342,62,90,0,7200,0.5805555555555556,0.33753904064475265,11
regime_lgbm_hmm_guided_gmm,tb_label_8h,8h,hmm_guided_gmm,FILUSDT+ARBUSDT+OPUSDT+INJUSDT+ATOMUSDT+XLMUSDT+ALGOUSDT+AAVEUSDT+RUNEUSDT+FETUSDT,0.002050822943516795,0.002050822943516795,-0.007703881841936023,-0.0413932716679936,-0.035772602641329684,0.0123451796856543,0.022210808515737868,10,720,-2.6671214822338323,-0.047300464519796345,0.11222222222222222,-0.02987004619550515,193,90,0,7200,0.5961111111111111,0.38109122979262894,12
regime_lgbm_hmm_guided_gmm,tb_label_8h,8h,hmm_guided_gmm,FILUSDT+ARBUSDT+OPUSDT+INJUSDT+ATOMUSDT+XLMUSDT+ALGOUSDT+AAVEUSDT+RUNEUSDT+FETUSDT,0.017553629875948835,0.017553629875948835,0.0002991643298475566,0.041330934967349374,0.05076339188059891,0.011713964457905087,-0.011117061215624335,10,720,-3.1010033493188307,-0.04965803019589922,0.09222222222222222,-0.03272388707319296,158,90,0,7200,0.5845833333333333,0.37313359115544675,13
regime_lgbm_hmm_guided_gmm,tb_label_8h,8h,hmm_guided_gmm,FILUSDT+ARBUSDT+OPUSDT+INJUSDT+ATOMUSDT+XLMUSDT+ALGOUSDT+AAVEUSDT+RUNEUSDT+FETUSDT,-0.024730548261308875,-0.024730548261308875,-0.03625789744190836,-0.02085582494690573,-0.03630401685868001,-0.03361662366648386,-0.03110866055933395,10,720,-5.9798491928987945,-0.05671831823568204,0.05388888888888889,-0.05006179257386534,95,90,0,7200,0.5448611111111111,0.34347824012916983,14
regime_lgbm_hmm_guided_gmm,tb_label_8h,8h,hmm_guided_gmm,FILUSDT+ARBUSDT+OPUSDT+INJUSDT+ATOMUSDT+XLMUSDT+ALGOUSDT+AAVEUSDT+RUNEUSDT+FETUSDT,-0.05748380606624174,-0.05748380606624174,-0.06600674241291812,-0.01698292228555059,-0.024178032004771775,-0.04991027940787978,-0.0012968550528863337,10,720,-1.12253137912876,-0.021711610200515027,0.08222222222222222,-0.004817041480271622,139,90,0,7200,0.5533333333333333,0.35307772750804345,15
regime_lgbm_hmm_guided_gmm,tb_label_8h,8h,hmm_guided_gmm,FILUSDT+ARBUSDT+OPUSDT+INJUSDT+ATOMUSDT+XLMUSDT+ALGOUSDT+AAVEUSDT+RUNEUSDT+FETUSDT,-0.05758365340355429,-0.05758365340355429,-0.03258567381477887,0.027184637602599936,0.03200344254490143,-0.044282265815986994,-0.038938186344079515,10,720,-1.472558588606382,-0.015274079562217529,0.09111111111111111,-0.008196626475679203,157,90,0,7200,0.5504166666666667,0.3625153344407528,16
regime_lgbm_hmm_guided_gmm,tb_label_8h,8h,hmm_guided_gmm,FILUSDT+ARBUSDT+OPUSDT+INJUSDT+ATOMUSDT+XLMUSDT+ALGOUSDT+AAVEUSDT+RUNEUSDT+FETUSDT,-0.033106432644647216,-0.033106432644647216,-0.045564950951349645,-0.007943180029051325,0.00037585810087855786,-0.028079073272942897,-0.007043491514497395,10,720,-9.514125845329414,-0.0445246077905357,0.08666666666666667,-0.044107909924081534,141,90,0,7200,0.5408333333333334,0.36347270094716216,17
regime_lgbm_hmm_guided_gmm,tb_label_8h,8h,hmm_guided_gmm,FILUSDT+ARBUSDT+OPUSDT+INJUSDT+ATOMUSDT+XLMUSDT+ALGOUSDT+AAVEUSDT+RUNEUSDT+FETUSDT,-0.01709255628317501,-0.01709255628317501,-0.03836122365261164,-0.03850170280544393,-0.04015649361841328,-0.013728607045701583,0.01007254039439948,10,720,-2.610032431085,-0.013939109210840194,0.017222222222222222,-0.0062254801736635335,30,90,0,7200,0.5620833333333334,0.34209613421160845,18
regime_lgbm_hmm_guided_hmm,tb_label_8h,8h,hmm_guided_hmm,FILUSDT+ARBUSDT+OPUSDT+INJUSDT+ATOMUSDT+XLMUSDT+ALGOUSDT+AAVEUSDT+RUNEUSDT+FETUSDT,0.019094286340866667,0.019094286340866667,0.02840260871044354,0.017109872618822144,-0.011131868573448344,0.01759505200655709,-0.022431053907307177,10,720,0.6016485309780438,-0.03908136175224856,0.11222222222222222,0.007764197467330813,191,90,0,7200,0.5408333333333334,0.36379403616350103,1
regime_lgbm_hmm_guided_hmm,tb_label_8h,8h,hmm_guided_hmm,FILUSDT+ARBUSDT+OPUSDT+INJUSDT+ATOMUSDT+XLMUSDT+ALGOUSDT+AAVEUSDT+RUNEUSDT+FETUSDT,-0.11207587312364546,-0.11207587312364546,-0.10330688524823269,0.03310657260492544,0.026543545354730424,-0.10493166244319471,-0.07620976749097204,10,720,-3.271569788256295,-0.033008946088006516,0.10388888888888889,-0.03881595639677693,179,90,0,7200,0.5498611111111111,0.34646246637550715,2
regime_lgbm_hmm_guided_hmm,tb_label_8h,8h,hmm_guided_hmm,FILUSDT+ARBUSDT+OPUSDT+INJUSDT+ATOMUSDT+XLMUSDT+ALGOUSDT+AAVEUSDT+RUNEUSDT+FETUSDT,0.04752018779062946,0.04752018779062946,0.052339828204007344,0.0014207516199277212,-0.006415277502013048,0.04641961166725462,0.04263337186464742,10,720,3.473414244463003,-0.034804763847472775,0.09888888888888889,0.03978633852365521,163,90,0,7200,0.5519444444444445,0.36511552743729053,3
regime_lgbm_hmm_guided_hmm,tb_label_8h,8h,hmm_guided_hmm,FILUSDT+ARBUSDT+OPUSDT+INJUSDT+ATOMUSDT+XLMUSDT+ALGOUSDT+AAVEUSDT+RUNEUSDT+FETUSDT,0.06594442035485103,0.06594442035485103,0.05701232697417393,0.01915140362573573,0.04321800452524685,0.08002056376035509,0.0409219809930346,10,720,-2.458748570234268,-0.032802491144647825,0.09722222222222222,-0.020262627105563147,167,90,0,7200,0.5877777777777777,0.36443339780936235,4
regime_lgbm_hmm_guided_hmm,tb_label_8h,8h,hmm_guided_hmm,FILUSDT+ARBUSDT+OPUSDT+INJUSDT+ATOMUSDT+XLMUSDT+ALGOUSDT+AAVEUSDT+RUNEUSDT+FETUSDT,0.05407171198672243,0.05407171198672243,0.06430578818366074,0.019708706085402063,0.03932092160483967,0.05249992506611773,0.005019095384655979,10,720,-3.2092906572383857,-0.045111101962317636,0.07777777777777778,-0.03823183231614413,135,90,0,7200,0.5258333333333334,0.3499656358847778,5
regime_lgbm_hmm_guided_hmm,tb_label_8h,8h,hmm_guided_hmm,FILUSDT+ARBUSDT+OPUSDT+INJUSDT+ATOMUSDT+XLMUSDT+ALGOUSDT+AAVEUSDT+RUNEUSDT+FETUSDT,-0.0218846122069332,-0.0218846122069332,-0.0042220155523853406,-0.0514153001193965,-0.04869267425500233,-0.02342547624909397,-0.049333560394409656,10,720,-2.7241045318899775,-0.03883015407360412,0.09555555555555556,-0.026325308452390228,155,90,0,7200,0.5381944444444444,0.3591186155067598,6
regime_lgbm_hmm_guided_hmm,tb_label_8h,8h,hmm_guided_hmm,FILUSDT+ARBUSDT+OPUSDT+INJUSDT+ATOMUSDT+XLMUSDT+ALGOUSDT+AAVEUSDT+RUNEUSDT+FETUSDT,0.029657611527688664,0.029657611527688664,0.0461123892549995,-0.003229660757175153,-0.0046095284776272736,0.030537105193258567,0.03608730398656708,10,720,3.3988130896573456,-0.017723577053232457,0.07833333333333334,0.030478862439715426,133,90,0,7200,0.5572222222222222,0.3605093043835604,7
regime_lgbm_hmm_guided_hmm,tb_label_8h,8h,hmm_guided_hmm,FILUSDT+ARBUSDT+OPUSDT+INJUSDT+ATOMUSDT+XLMUSDT+ALGOUSDT+AAVEUSDT+RUNEUSDT+FETUSDT,-0.02377033791618672,-0.02377033791618672,-0.017949622724639427,-0.030491452169424543,-0.03499697201969629,-0.01974634164327686,-0.01170580802000001,10,720,-0.07423470430780411,-0.017719511164385082,0.09222222222222222,-0.0006164096347718306,160,90,0,7200,0.5677777777777778,0.35186232231664666,8
regime_lgbm_hmm_guided_hmm,tb_label_8h,8h,hmm_guided_hmm,FILUSDT+ARBUSDT+OPUSDT+INJUSDT+ATOMUSDT+XLMUSDT+ALGOUSDT+AAVEUSDT+RUNEUSDT+FETUSDT,0.05236244819343551,0.05236244819343551,0.054255053489544056,-0.020079441607117436,-0.011941025527991114,0.05035207662889049,0.05249022779731192,10,720,3.9321735064736685,-0.01412128206093409,0.14222222222222222,0.0361945112567128,241,90,0,7200,0.5370833333333334,0.39509854838702996,9
regime_lgbm_hmm_guided_hmm,tb_label_8h,8h,hmm_guided_hmm,FILUSDT+ARBUSDT+OPUSDT+INJUSDT+ATOMUSDT+XLMUSDT+ALGOUSDT+AAVEUSDT+RUNEUSDT+FETUSDT,0.02473022827842216,0.02473022827842216,0.038509996260537825,-0.04298092089900205,-0.04501759132283798,0.02296750482600523,0.024491903469859,10,720,-0.1719015421203602,-0.03787762697092703,0.07722222222222222,-0.0017266925984517068,135,90,0,7200,0.5325,0.3531699122153864,10
regime_lgbm_hmm_guided_hmm,tb_label_8h,8h,hmm_guided_hmm,FILUSDT+ARBUSDT+OPUSDT+INJUSDT+ATOMUSDT+XLMUSDT+ALGOUSDT+AAVEUSDT+RUNEUSDT+FETUSDT,0.01561737320891519,0.01561737320891519,0.014871569718317382,0.025746581774320366,0.023498925809728212,0.034874823339894286,-9.674586993757562e-06,10,720,-4.709649819968451,-0.03841067279755063,0.042777777777777776,-0.026937895437689763,74,90,0,7200,0.5826388888888889,0.3411562723727834,11
regime_lgbm_hmm_guided_hmm,tb_label_8h,8h,hmm_guided_hmm,FILUSDT+ARBUSDT+OPUSDT+INJUSDT+ATOMUSDT+XLMUSDT+ALGOUSDT+AAVEUSDT+RUNEUSDT+FETUSDT,0.011295414612642694,0.011295414612642694,0.009674999755122628,0.0025281942104947363,-0.012474837680501333,0.022500712859643286,0.05688693096098888,10,720,2.1083142619927093,-0.01097591527751649,0.09111111111111111,0.018353645585159395,156,90,0,7200,0.6027777777777777,0.38228688753269086,12
regime_lgbm_hmm_guided_hmm,tb_label_8h,8h,hmm_guided_hmm,FILUSDT+ARBUSDT+OPUSDT+INJUSDT+ATOMUSDT+XLMUSDT+ALGOUSDT+AAVEUSDT+RUNEUSDT+FETUSDT,0.02483883442823087,0.02483883442823087,0.04365288371839864,0.036261316062068234,0.0294767300967241,0.02464421354167333,0.013359717235132545,10,720,-1.7252921496813425,-0.04689062825467294,0.10555555555555556,-0.017026737643056067,183,90,0,7200,0.58375,0.37820623062435615,13
regime_lgbm_hmm_guided_hmm,tb_label_8h,8h,hmm_guided_hmm,FILUSDT+ARBUSDT+OPUSDT+INJUSDT+ATOMUSDT+XLMUSDT+ALGOUSDT+AAVEUSDT+RUNEUSDT+FETUSDT,-0.012279192374160782,-0.012279192374160782,-0.017822007046298393,-0.038142755568337045,-0.05651980019399118,-0.027966911337172978,0.007096901310464798,10,720,-3.144119251783468,-0.041482420953334896,0.05388888888888889,-0.024262909366254415,97,90,0,7200,0.5476388888888889,0.34920839180525004,14
regime_lgbm_hmm_guided_hmm,tb_label_8h,8h,hmm_guided_hmm,FILUSDT+ARBUSDT+OPUSDT+INJUSDT+ATOMUSDT+XLMUSDT+ALGOUSDT+AAVEUSDT+RUNEUSDT+FETUSDT,-0.02215715484854347,-0.02215715484854347,-0.0056770483997295685,0.004849278650357414,-0.011240452949529283,-0.01616927301080721,0.0073263630101956245,10,720,1.0777501489090486,-0.014819174460084591,0.08388888888888889,0.005939004721847052,137,90,0,7200,0.5569444444444445,0.36296188305728666,15
regime_lgbm_hmm_guided_hmm,tb_label_8h,8h,hmm_guided_hmm,FILUSDT+ARBUSDT+OPUSDT+INJUSDT+ATOMUSDT+XLMUSDT+ALGOUSDT+AAVEUSDT+RUNEUSDT+FETUSDT,-0.07937497966449762,-0.07937497966449762,-0.06030145522582504,0.02520576943846485,0.03132320494001654,-0.06967538410910525,-0.04455871188800227,10,720,1.5995485295356617,-0.016260593434384345,0.09166666666666666,0.00848965506078625,155,90,0,7200,0.5486111111111112,0.3608795552269546,16
regime_lgbm_hmm_guided_hmm,tb_label_8h,8h,hmm_guided_hmm,FILUSDT+ARBUSDT+OPUSDT+INJUSDT+ATOMUSDT+XLMUSDT+ALGOUSDT+AAVEUSDT+RUNEUSDT+FETUSDT,-0.022384720663044994,-0.022384720663044994,-0.02596571766483205,-0.004423046161175264,0.01604617863768932,-0.021876334447028505,-0.013218514881645924,10,720,-1.6346363067945224,-0.03275916379891405,0.07777777777777778,-0.011561331277819775,134,90,0,7200,0.5394444444444444,0.36441849100971746,17
regime_lgbm_hmm_guided_hmm,tb_label_8h,8h,hmm_guided_hmm,FILUSDT+ARBUSDT+OPUSDT+INJUSDT+ATOMUSDT+XLMUSDT+ALGOUSDT+AAVEUSDT+RUNEUSDT+FETUSDT,-0.0068443144199175476,-0.0068443144199175476,-0.010370094857301183,-0.03103766557350457,-0.03619138119571623,-0.001475590658947916,-0.00330929478651776,10,720,-1.1728817479285651,-0.015071459147158506,0.025,-0.004347024626563001,43,90,0,7200,0.5613888888888889,0.3431071773883625,18
regime_lgbm_kmeans,tb_label_8h,8h,kmeans,FILUSDT+ARBUSDT+OPUSDT+INJUSDT+ATOMUSDT+XLMUSDT+ALGOUSDT+AAVEUSDT+RUNEUSDT+FETUSDT,0.01989290625017225,0.01989290625017225,0.028304149099065857,0.01623433574406437,0.02245561160828615,0.020044235581076382,-0.003939450040136755,10,720,0.6875043184884926,-0.033949590926272276,0.09333333333333334,0.0083316913203757,160,90,0,7200,0.5423611111111111,0.3574751336026674,1
regime_lgbm_kmeans,tb_label_8h,8h,kmeans,FILUSDT+ARBUSDT+OPUSDT+INJUSDT+ATOMUSDT+XLMUSDT+ALGOUSDT+AAVEUSDT+RUNEUSDT+FETUSDT,-0.10251243649326802,-0.10251243649326802,-0.12736821422561867,0.014349671629459817,0.022749887882207314,-0.0893443379320145,-0.0562581555843639,10,720,-3.2000892139809007,-0.028040594036297523,0.08944444444444444,-0.03306284797746484,158,90,0,7200,0.5558333333333333,0.34747189772069254,2
regime_lgbm_kmeans,tb_label_8h,8h,kmeans,FILUSDT+ARBUSDT+OPUSDT+INJUSDT+ATOMUSDT+XLMUSDT+ALGOUSDT+AAVEUSDT+RUNEUSDT+FETUSDT,0.0517711714479667,0.0517711714479667,0.041509878270764855,-0.0058239315584303975,0.002288419788538787,0.051479018822526756,0.03220414409448112,10,720,5.577884241959232,-0.012140462702332107,0.09,0.06584299576412733,153,90,0,7200,0.5454166666666667,0.3473130405280747,3
regime_lgbm_kmeans,tb_label_8h,8h,kmeans,FILUSDT+ARBUSDT+OPUSDT+INJUSDT+ATOMUSDT+XLMUSDT+ALGOUSDT+AAVEUSDT+RUNEUSDT+FETUSDT,0.001878792957148405,0.001878792957148405,-0.0010977867378045604,0.01664627784525324,0.028451098723434008,0.008503346544369107,0.028431028768138977,10,720,2.068800415093086,-0.0212590904426268,0.075,0.015851763461415924,132,90,0,7200,0.595,0.36829080852629364,4
regime_lgbm_kmeans,tb_label_8h,8h,kmeans,FILUSDT+ARBUSDT+OPUSDT+INJUSDT+ATOMUSDT+XLMUSDT+ALGOUSDT+AAVEUSDT+RUNEUSDT+FETUSDT,0.05718161793064556,0.05718161793064556,0.0627010030184583,-0.014998126864115764,-0.02029466871797391,0.057730857388447035,-0.0075455856542017835,10,720,-2.9865481995761796,-0.04511224157900001,0.075,-0.0345635251912052,130,90,0,7200,0.5280555555555555,0.3498752183898938,5
regime_lgbm_kmeans,tb_label_8h,8h,kmeans,FILUSDT+ARBUSDT+OPUSDT+INJUSDT+ATOMUSDT+XLMUSDT+ALGOUSDT+AAVEUSDT+RUNEUSDT+FETUSDT,-0.01250444769363419,-0.01250444769363419,-0.018448122481652535,-0.01887916579134257,-0.025896557858190953,-0.013303029021266543,-0.02346257654008389,10,720,1.4819579509111107,-0.02503819869255779,0.09944444444444445,0.016921017093807222,169,90,0,7200,0.5433333333333333,0.3570428280827273,6
regime_lgbm_kmeans,tb_label_8h,8h,kmeans,FILUSDT+ARBUSDT+OPUSDT+INJUSDT+ATOMUSDT+XLMUSDT+ALGOUSDT+AAVEUSDT+RUNEUSDT+FETUSDT,0.033988835748452385,0.033988835748452385,0.03341598388197961,0.005341606490234355,0.020793622465263527,0.033365132777278664,0.002826544172298626,10,720,-1.1445873478797866,-0.02868918679343817,0.05388888888888889,-0.009125632704306663,97,90,0,7200,0.5572222222222222,0.34768415736188313,7
regime_lgbm_kmeans,tb_label_8h,8h,kmeans,FILUSDT+ARBUSDT+OPUSDT+INJUSDT+ATOMUSDT+XLMUSDT+ALGOUSDT+AAVEUSDT+RUNEUSDT+FETUSDT,-0.055597405125867805,-0.055597405125867805,-0.04909370265344923,-0.02141277120867626,-0.03987664142718595,-0.04354828768028276,-0.018676221267617636,10,720,0.2550207835786448,-0.029576356211285272,0.06833333333333333,0.0014003083237794645,118,90,0,7200,0.5795833333333333,0.35288221929698976,8
regime_lgbm_kmeans,tb_label_8h,8h,kmeans,FILUSDT+ARBUSDT+OPUSDT+INJUSDT+ATOMUSDT+XLMUSDT+ALGOUSDT+AAVEUSDT+RUNEUSDT+FETUSDT,0.04943427899982138,0.04943427899982138,0.04791767008185566,0.010985115428282214,0.0338018862688928,0.04777142481678987,0.03927018502547078,10,720,0.8048508111230831,-0.05265505855445407,0.135,0.007188376098508531,229,90,0,7200,0.5458333333333333,0.38395422750107966,9
regime_lgbm_kmeans,tb_label_8h,8h,kmeans,FILUSDT+ARBUSDT+OPUSDT+INJUSDT+ATOMUSDT+XLMUSDT+ALGOUSDT+AAVEUSDT+RUNEUSDT+FETUSDT,0.03720430028701864,0.03720430028701864,0.04420286533773718,-0.04182894908816654,-0.05413589985291106,0.03418492633400667,0.02544576970674146,10,720,5.173180599161397,-0.008325154837251606,0.06888888888888889,0.033902578818742146,123,90,0,7200,0.54375,0.3569360013424902,10
regime_lgbm_kmeans,tb_label_8h,8h,kmeans,FILUSDT+ARBUSDT+OPUSDT+INJUSDT+ATOMUSDT+XLMUSDT+ALGOUSDT+AAVEUSDT+RUNEUSDT+FETUSDT,0.02230034934356857,0.02230034934356857,0.018242781211144646,0.011362281287839969,0.0035264707005883207,0.037012635765848824,0.010528404358356648,10,720,-2.807764935065151,-0.01611870973940358,0.025555555555555557,-0.010113709355589307,46,90,0,7200,0.5851388888888889,0.3390377723009517,11
regime_lgbm_kmeans,tb_label_8h,8h,kmeans,FILUSDT+ARBUSDT+OPUSDT+INJUSDT+ATOMUSDT+XLMUSDT+ALGOUSDT+AAVEUSDT+RUNEUSDT+FETUSDT,-0.008798674608632734,-0.008798674608632734,-0.02405414206755152,-0.01902845685527209,-0.018981786116797447,-0.006875782189284962,0.030124052076042934,10,720,-1.8365392396052425,-0.028233034809320136,0.09777777777777778,-0.01954615289545092,163,90,0,7200,0.5940277777777778,0.37242258579424853,12
regime_lgbm_kmeans,tb_label_8h,8h,kmeans,FILUSDT+ARBUSDT+OPUSDT+INJUSDT+ATOMUSDT+XLMUSDT+ALGOUSDT+AAVEUSDT+RUNEUSDT+FETUSDT,0.034063831564985235,0.034063831564985235,0.017361274140465538,0.04224110495842099,0.034406691413533405,0.030007993388606602,-0.00943986813677421,10,720,-0.5109936383945438,-0.05711923805715218,0.1,-0.006996759387900009,167,90,0,7200,0.5806944444444444,0.37069089554081286,13
regime_lgbm_kmeans,tb_label_8h,8h,kmeans,FILUSDT+ARBUSDT+OPUSDT+INJUSDT+ATOMUSDT+XLMUSDT+ALGOUSDT+AAVEUSDT+RUNEUSDT+FETUSDT,-0.04124628692793381,-0.04124628692793381,-0.037751851823177245,-0.037532316971532795,-0.039857853310725805,-0.050803382070604704,-0.024577682749488784,10,720,-6.703275341479857,-0.047966244025897886,0.04777777777777778,-0.04662858210951071,84,90,0,7200,0.5436111111111112,0.34229543441341326,14
regime_lgbm_kmeans,tb_label_8h,8h,kmeans,FILUSDT+ARBUSDT+OPUSDT+INJUSDT+ATOMUSDT+XLMUSDT+ALGOUSDT+AAVEUSDT+RUNEUSDT+FETUSDT,-0.019410788693263965,-0.019410788693263965,-0.03504244166737958,-0.004776975313997949,-0.007954638091331019,-0.012581618497992542,-0.01078426440713572,10,720,-3.1370808619364987,-0.024190799342709193,0.08055555555555556,-0.021055622737586654,131,90,0,7200,0.5588888888888889,0.356999282689667,15
regime_lgbm_kmeans,tb_label_8h,8h,kmeans,FILUSDT+ARBUSDT+OPUSDT+INJUSDT+ATOMUSDT+XLMUSDT+ALGOUSDT+AAVEUSDT+RUNEUSDT+FETUSDT,-0.03807079699493312,-0.03807079699493312,-0.04478876083222431,0.04767227432575763,0.05814896311467266,-0.02017372756544226,-0.01341696177253053,10,720,1.8854111842594,-0.012158950039155217,0.08055555555555556,0.009358448849557721,139,90,0,7200,0.5533333333333333,0.36111110571053384,16
regime_lgbm_kmeans,tb_label_8h,8h,kmeans,FILUSDT+ARBUSDT+OPUSDT+INJUSDT+ATOMUSDT+XLMUSDT+ALGOUSDT+AAVEUSDT+RUNEUSDT+FETUSDT,-0.02607524609804839,-0.02607524609804839,-0.03502267793383895,0.016982095283405822,0.016450217103443836,-0.01732751102518089,-0.002351847840325336,10,720,-2.8954786726363992,-0.035056521070193816,0.07333333333333333,-0.016648499378333237,122,90,0,7200,0.5451388888888888,0.36225709955215835,17
regime_lgbm_kmeans,tb_label_8h,8h,kmeans,FILUSDT+ARBUSDT+OPUSDT+INJUSDT+ATOMUSDT+XLMUSDT+ALGOUSDT+AAVEUSDT+RUNEUSDT+FETUSDT,-0.006420299729956254,-0.006420299729956254,-0.000719793497193259,-0.04321986753079984,-0.045104762307850405,-0.0011765671876312303,0.012587903077465967,10,720,-3.5588395590527715,-0.01662190909716388,0.016666666666666666,-0.011744642177083486,30,90,0,7200,0.5608333333333333,0.3399350409560964,18
regime_lgbm_vol_bucket,tb_label_8h,8h,vol_bucket,FILUSDT+ARBUSDT+OPUSDT+INJUSDT+ATOMUSDT+XLMUSDT+ALGOUSDT+AAVEUSDT+RUNEUSDT+FETUSDT,0.03193402036752422,0.03193402036752422,0.034991072820158474,0.02634288204833904,0.011525450868143224,0.028924648403473665,0.013607345912695712,10,720,0.8248310589116623,-0.03461047898389513,0.08444444444444445,0.010746748621364821,148,90,0,7200,0.5516666666666666,0.3663657422179762,1
regime_lgbm_vol_bucket,tb_label_8h,8h,vol_bucket,FILUSDT+ARBUSDT+OPUSDT+INJUSDT+ATOMUSDT+XLMUSDT+ALGOUSDT+AAVEUSDT+RUNEUSDT+FETUSDT,-0.07815362847438938,-0.07815362847438938,-0.10065701523114348,0.03431041408804872,0.036344021128246196,-0.06927260652781472,-0.05365192373117751,10,720,-4.695622972996075,-0.04998456696389216,0.09111111111111111,-0.05559090818994339,159,90,0,7200,0.5523611111111111,0.34894645803359037,2
regime_lgbm_vol_bucket,tb_label_8h,8h,vol_bucket,FILUSDT+ARBUSDT+OPUSDT+INJUSDT+ATOMUSDT+XLMUSDT+ALGOUSDT+AAVEUSDT+RUNEUSDT+FETUSDT,0.0655611936949123,0.0655611936949123,0.05237580512247479,0.003091847564275575,0.012197088029189587,0.069239180135629,0.024890015082261952,10,720,5.205449381306962,-0.03094983736281637,0.09666666666666666,0.05404717360579525,165,90,0,7200,0.5376388888888889,0.34744002309689037,3
regime_lgbm_vol_bucket,tb_label_8h,8h,vol_bucket,FILUSDT+ARBUSDT+OPUSDT+INJUSDT+ATOMUSDT+XLMUSDT+ALGOUSDT+AAVEUSDT+RUNEUSDT+FETUSDT,-0.004795329340798982,-0.004795329340798982,0.01073715218427532,0.0018726353125229325,0.012614375554966781,-0.001557161727459951,0.005554891944246518,10,720,-3.7125876470212074,-0.029698551764219663,0.08777777777777777,-0.021845406594472205,151,90,0,7200,0.5833333333333334,0.36129077208420585,4
regime_lgbm_vol_bucket,tb_label_8h,8h,vol_bucket,FILUSDT+ARBUSDT+OPUSDT+INJUSDT+ATOMUSDT+XLMUSDT+ALGOUSDT+AAVEUSDT+RUNEUSDT+FETUSDT,0.07943359125960257,0.07943359125960257,0.07364730545837765,0.0022013183330578546,0.007009118681257778,0.07390736753701257,0.00830181307504707,10,720,-1.9168942715528499,-0.034871675454915006,0.09055555555555556,-0.015928771522509377,161,90,0,7200,0.5256944444444445,0.355683344109247,5
regime_lgbm_vol_bucket,tb_label_8h,8h,vol_bucket,FILUSDT+ARBUSDT+OPUSDT+INJUSDT+ATOMUSDT+XLMUSDT+ALGOUSDT+AAVEUSDT+RUNEUSDT+FETUSDT,0.015607876489905317,0.015607876489905317,0.03698313726738649,-0.03476998194837766,-0.04079126342673123,0.011841637636612107,-0.01720384019373635,10,720,-2.7137353346045505,-0.04009650723795211,0.12055555555555555,-0.023594121509242783,204,90,0,7200,0.5408333333333334,0.36176398239809354,6
regime_lgbm_vol_bucket,tb_label_8h,8h,vol_bucket,FILUSDT+ARBUSDT+OPUSDT+INJUSDT+ATOMUSDT+XLMUSDT+ALGOUSDT+AAVEUSDT+RUNEUSDT+FETUSDT,0.015514727032016451,0.015514727032016451,0.025533934003300056,-0.0069158227186744805,-0.0004406612885627317,0.01247004384528754,0.0012280396188794243,10,720,0.9384252619222712,-0.022218092563228656,0.07611111111111112,0.009509499029312085,133,90,0,7200,0.5438888888888889,0.3425390664753714,7
regime_lgbm_vol_bucket,tb_label_8h,8h,vol_bucket,FILUSDT+ARBUSDT+OPUSDT+INJUSDT+ATOMUSDT+XLMUSDT+ALGOUSDT+AAVEUSDT+RUNEUSDT+FETUSDT,-0.06995978016451135,-0.06995978016451135,-0.06916649852852692,-0.0073385082077749245,0.0033033907691619666,-0.04956951421328192,-0.04653284213396151,10,720,-4.617297965025046,-0.026543761086045614,0.07166666666666667,-0.02325486258648901,121,90,0,7200,0.5751388888888889,0.3511072294688555,8
regime_lgbm_vol_bucket,tb_label_8h,8h,vol_bucket,FILUSDT+ARBUSDT+OPUSDT+INJUSDT+ATOMUSDT+XLMUSDT+ALGOUSDT+AAVEUSDT+RUNEUSDT+FETUSDT,0.04746542463161553,0.04746542463161553,0.05365412498600118,-0.024202742062930785,-0.008905265560277138,0.03701718938593718,0.04458163281163357,10,720,1.8937912703877968,-0.04056023982589379,0.13833333333333334,0.018538408383453664,235,90,0,7200,0.5433333333333333,0.38976185091489013,9
regime_lgbm_vol_bucket,tb_label_8h,8h,vol_bucket,FILUSDT+ARBUSDT+OPUSDT+INJUSDT+ATOMUSDT+XLMUSDT+ALGOUSDT+AAVEUSDT+RUNEUSDT+FETUSDT,0.008790917125620051,0.008790917125620051,0.026608616426074032,-0.042352438270947076,-0.04807238318176363,0.006351036804083059,0.022092389110811753,10,720,-1.6137819323671152,-0.04443774644077517,0.07222222222222222,-0.015586428144912845,124,90,0,7200,0.5348611111111111,0.35337707206024493,10
regime_lgbm_vol_bucket,tb_label_8h,8h,vol_bucket,FILUSDT+ARBUSDT+OPUSDT+INJUSDT+ATOMUSDT+XLMUSDT+ALGOUSDT+AAVEUSDT+RUNEUSDT+FETUSDT,-0.0076249764085432,-0.0076249764085432,-0.01634925927957656,-0.02447442008571118,-0.035040474839649526,0.007889245466933233,-0.01672721007037197,10,720,-1.9009286780844703,-0.013114488748886892,0.03611111111111111,-0.007420751408661164,63,90,0,7200,0.5813888888888888,0.3393588802365028,11
regime_lgbm_vol_bucket,tb_label_8h,8h,vol_bucket,FILUSDT+ARBUSDT+OPUSDT+INJUSDT+ATOMUSDT+XLMUSDT+ALGOUSDT+AAVEUSDT+RUNEUSDT+FETUSDT,0.009627965182671772,0.009627965182671772,-0.0016805268629368117,-0.018157068279812585,-0.013540241707426855,0.01039290530710257,0.04815241574702852,10,720,-0.047465968681201884,-0.03510195120053025,0.10222222222222223,-0.0017441813544784024,177,90,0,7200,0.5951388888888889,0.3799189698886079,12
regime_lgbm_vol_bucket,tb_label_8h,8h,vol_bucket,FILUSDT+ARBUSDT+OPUSDT+INJUSDT+ATOMUSDT+XLMUSDT+ALGOUSDT+AAVEUSDT+RUNEUSDT+FETUSDT,0.015777965563744622,0.015777965563744622,0.009401714464767475,0.012839438880547234,0.01941585087244306,0.012721386595209534,-0.022111072176484583,10,720,-3.578574893235433,-0.08445726741606562,0.11166666666666666,-0.047466589283135296,193,90,0,7200,0.5818055555555556,0.37809415970522947,13
regime_lgbm_vol_bucket,tb_label_8h,8h,vol_bucket,FILUSDT+ARBUSDT+OPUSDT+INJUSDT+ATOMUSDT+XLMUSDT+ALGOUSDT+AAVEUSDT+RUNEUSDT+FETUSDT,-0.05064272883877914,-0.05064272883877914,-0.05201148053575936,-0.03979227265857938,-0.04638027939895696,-0.05581387407064728,-0.025928290600887784,10,720,-4.840468013328627,-0.041590426297930305,0.055,-0.036334144584846406,96,90,0,7200,0.5427777777777778,0.3414751457501259,14
regime_lgbm_vol_bucket,tb_label_8h,8h,vol_bucket,FILUSDT+ARBUSDT+OPUSDT+INJUSDT+ATOMUSDT+XLMUSDT+ALGOUSDT+AAVEUSDT+RUNEUSDT+FETUSDT,-0.03585409665767384,-0.03585409665767384,-0.040597208664884754,-0.003744010686626938,-0.007846214473491807,-0.028763396130216095,0.006252394883898051,10,720,-0.2850617819505512,-0.022985021134892515,0.08888888888888889,-0.003018841367816605,146,90,0,7200,0.5568055555555556,0.36143191077260073,15
regime_lgbm_vol_bucket,tb_label_8h,8h,vol_bucket,FILUSDT+ARBUSDT+OPUSDT+INJUSDT+ATOMUSDT+XLMUSDT+ALGOUSDT+AAVEUSDT+RUNEUSDT+FETUSDT,-0.05672585145051855,-0.05672585145051855,-0.06693478397640812,0.034641900665024976,0.03600011502726788,-0.03547021351489287,-0.010504158454625715,10,720,7.898125770653884,-0.009521073554319043,0.10333333333333333,0.06374936323559721,173,90,0,7200,0.5527777777777778,0.3684183367079427,16
regime_lgbm_vol_bucket,tb_label_8h,8h,vol_bucket,FILUSDT+ARBUSDT+OPUSDT+INJUSDT+ATOMUSDT+XLMUSDT+ALGOUSDT+AAVEUSDT+RUNEUSDT+FETUSDT,-0.01140533103216235,-0.01140533103216235,0.0017903803203584276,0.00843155665093435,0.0011868398530941794,-0.007242979437630104,0.01266905843960855,10,720,-1.51833656209287,-0.024657948519139387,0.0811111111111111,-0.009612054087176913,137,90,0,7200,0.5418055555555555,0.3634907084818602,17
regime_lgbm_vol_bucket,tb_label_8h,8h,vol_bucket,FILUSDT+ARBUSDT+OPUSDT+INJUSDT+ATOMUSDT+XLMUSDT+ALGOUSDT+AAVEUSDT+RUNEUSDT+FETUSDT,-0.0075832911195680254,-0.0075832911195680254,-0.012794786046876745,-0.025349585531333322,-0.035783506139672044,0.002295850125227606,-0.00230520771436673,10,720,-2.0172146553002355,-0.011851236762714676,0.017222222222222222,-0.0049790489689190975,28,90,0,7200,0.5618055555555556,0.34120796065426345,18
